Date,Open,High,Low,Close,Volume,Dividends,Stock Splits,daily_return,cum_return,middle_band,upper_band,lower_band,Conversion,Baseline,SpanA,SpanB,Lagging
2018-07-19,24.899999618530277,25.524999618530277,23.29599952697754,24.549999237060547,772200,0,0,,,,,,,,,,25.13999938964844
2018-07-20,24.93000030517578,27.190000534057617,24.549999237060547,26.540000915527344,913600,0,0,0.08105913402484766,1.0810591340248477,,,,,,,,24.649999618530277
2018-07-23,26.520000457763672,27.72900009155273,25.96999931335449,26.940000534057617,293900,0,0,0.015071575159451234,1.0973523980151143,,,,,,,,24.5
2018-07-24,27.06999969482422,27.06999969482422,24.13999938964844,24.75,1128400,0,0,-0.08129177767791851,1.008146670841339,,,,,,,,24.8700008392334
2018-07-25,25.01000022888184,25.799999237060547,24.01000022888184,24.299999237060547,130000,0,0,-0.018181849007654627,0.989816700294532,,,,,,,,25.0
2018-07-26,24.3799991607666,24.489999771118164,23.38999938964844,23.51000022888184,250500,0,0,-0.03251024827086657,0.9576375136253068,,,,,,,,25.1200008392334
2018-07-27,23.40999984741211,23.992000579833984,21.15999984741211,21.670000076293945,469800,0,0,-0.07826457399721631,0.8826884215776687,,,,,,,,24.649999618530277
2018-07-30,21.6200008392334,22.729999542236328,21.31999969482422,21.96999931335449,435900,0,0,0.013843988740393609,0.8949083501472658,,,,,,,,23.100000381469727
2018-07-31,22.440000534057617,22.86000061035156,20.90999984741211,21.0,368600,0,0,-0.044151085283142155,0.8553971752593178,,,,24.319499969482422,,,,21.82999992370605
2018-08-01,20.799999237060547,21.32699966430664,20.15999984741211,20.450000762939453,135400,0,0,-0.026190439860026005,0.8329939469842526,,,,23.944499969482422,,,,20.93000030517578
2018-08-02,20.25,21.649999618530277,19.780000686645508,20.899999618530277,336300,0,0,0.02200483319327473,0.8513238398386486,,,,23.75450038909912,,,,22.209999084472656
2018-08-03,20.780000686645508,22.13999938964844,20.479999542236328,20.86000061035156,245100,0,0,-0.0019138281774538912,0.8496945522858271,,,,23.425000190734863,,,,20.6200008392334
2018-08-06,20.979999542236328,21.479999542236328,19.950000762939453,21.11000061035156,214300,0,0,0.011984659285002142,0.8598778519912952,,,,22.789999961853027,,,,20.059999465942383
2018-08-07,21.100000381469727,21.93000030517578,21.100000381469727,21.770000457763672,120600,0,0,0.031264795278521884,0.8867617569983381,,,,22.135000228881836,,,,20.149999618530277
2018-08-08,21.84000015258789,22.350000381469727,21.6299991607666,22.049999237060547,99500,0,0,0.012861679991238661,0.8981670029453193,,,,21.886000633239746,,,,22.190000534057617
2018-08-09,21.940000534057617,22.36000061035156,21.290000915527344,21.93000030517578,79600,0,0,-0.005442128618448061,0.8932790625944448,,,,21.320000648498535,,,,21.61000061035156
2018-08-10,21.989999771118164,23.979999542236328,21.51000022888184,23.76000022888184,106700,0,0,0.08344732778111963,0.9678208133307747,,,,21.880000114440918,,,,21.899999618530277
2018-08-13,23.75,23.82200050354004,22.875999450683597,23.26000022888184,230100,0,0,-0.0210437708410548,0.9474542139198386,,,,21.880000114440918,,,,20.46999931335449
2018-08-14,24.059999465942383,24.097999572753903,21.559999465942383,22.31999969482422,141800,0,0,-0.04041274827204977,0.9091649852734034,,,,21.939000129699707,,,,20.989999771118164
2018-08-15,22.290000915527344,22.290000915527344,21.049999237060547,21.450000762939453,256800,0,0,-0.03897844730197331,0.8737271458061246,,,,22.02400016784668,,,,22.81999969482422
2018-08-16,21.450000762939453,21.96999931335449,21.26000022888184,21.489999771118164,90400,0,0,0.0018647555597210985,0.8753564333589459,,,,22.02400016784668,,,,23.149999618530277
2018-08-17,21.6299991607666,21.6299991607666,20.86000061035156,21.299999237060547,112800,0,0,-0.008841346490518376,0.8676171038289151,,,,22.47900009155273,,,,23.3700008392334
2018-08-20,21.38999938964844,23.0,21.200000762939453,22.670000076293945,173300,0,0,0.06431929053075702,0.9234216203995411,,,,22.47900009155273,,,,23.38999938964844
2018-08-21,22.84000015258789,23.88999938964844,22.84000015258789,23.290000915527344,84900,0,0,0.027348956204095165,0.9486762378537628,,,,22.47900009155273,,,,23.81999969482422
2018-08-22,23.170000076293945,25.239999771118164,22.82999992370605,24.520000457763672,89500,0,0,0.052812344091248686,0.9987780537584869,,,,23.050000190734863,,,,24.0
2018-08-23,25.229999542236328,26.899999618530277,24.459999084472656,25.739999771118164,129400,0,0,0.049755272862085365,1.048472528351903,,,,23.880000114440918,23.75450038909912,,,22.959999084472656
2018-08-24,26.100000381469727,26.71999931335449,24.61000061035156,25.13999938964844,88300,0,0,-0.0233100383374113,1.0240325935202976,,,,23.880000114440918,23.75450038909912,,,22.190000534057617
2018-08-27,25.5,25.649999618530277,23.940000534057617,24.649999618530277,55400,0,0,-0.019490842602005953,1.0040733354206697,,,,23.880000114440918,23.75450038909912,,,21.76000022888184
2018-08-28,25.0,25.0,23.520000457763672,24.5,71600,0,0,-0.006085177316494383,0.997963371135871,,,,23.880000114440918,23.425000190734863,,,19.90999984741211
2018-08-29,24.6200008392334,25.040000915527344,24.299999237060547,24.8700008392334,57600,0,0,0.015102075070750898,1.0130346888846244,23.108666737874348,26.68052321320165,19.536810262547046,23.880000114440918,23.34000015258789,,,17.959999084472656
2018-08-30,24.90999984741211,26.29400062561035,24.299999237060547,25.0,168200,0,0,0.0052271474217855385,1.018329970546807,23.123666763305664,26.723101233083376,19.52423229352795,24.050000190734863,23.34000015258789,,,17.010000228881836
2018-08-31,24.770000457763672,26.01000022888184,24.299999237060547,25.1200008392334,83200,0,0,0.004800033569335893,1.0232179885900925,23.076333427429198,26.53015301874997,19.622513836108425,24.864999771118164,23.34000015258789,,,16.530000686645508
2018-09-04,25.170000076293945,25.540000915527344,24.5,24.649999618530277,119100,0,0,-0.018710239052582178,1.0040733354206695,23.000000063578288,26.202542279458548,19.797457847698027,24.864999771118164,23.34000015258789,,,16.200000762939453
2018-09-05,24.71999931335449,25.18000030517578,22.520000457763672,23.100000381469727,200500,0,0,-0.06288029456582067,0.9409369083237317,22.945000076293944,26.08186054690648,19.808139605681408,24.710000038146973,23.34000015258789,,,17.020000457763672
2018-09-06,23.07999992370605,23.974000930786133,21.51000022888184,21.82999992370605,167700,0,0,-0.05497837388706017,0.8892057271737751,22.862666765848797,25.982671099222777,19.742662432474816,24.114999771118164,23.34000015258789,,,18.0
2018-09-07,21.75,22.38999938964844,20.649999618530277,20.93000030517578,127500,0,0,-0.04122765101583559,0.8525458637725724,22.776666768391927,25.96168215060144,19.591651386182413,23.472000122070312,23.34000015258789,,,17.270000457763672
2018-09-10,20.899999618530277,22.40800094604492,20.895000457763672,22.209999084472656,207900,0,0,0.061156175854442996,0.9046843085414258,22.794666735331216,25.96063208247579,19.62870138818664,23.472000122070312,23.425000190734863,,,18.559999465942383
2018-09-11,22.18000030517578,22.6200008392334,20.36000061035156,20.6200008392334,152100,0,0,-0.0715892980991093,0.8399185938916671,22.74966678619385,25.99799998756713,19.501333584820568,23.327000617980957,23.425000190734863,,,17.770000457763672
2018-09-12,20.51000022888184,21.149999618530277,20.024999618530277,20.059999465942383,130500,0,0,-0.02715816442769048,0.8171079466128827,22.718333435058593,26.05008324575034,19.386583624366846,23.159500122070312,23.462499618530277,,,17.170000076293945
2018-09-13,20.11000061035156,21.424999237060547,19.770000457763672,20.149999618530277,173100,0,0,0.004486548104883914,0.8207739407222443,22.70833339691162,26.06874595882113,19.34792083500211,22.890000343322754,23.335000038146973,,,17.1299991607666
2018-09-14,20.149999618530277,22.75,19.670000076293945,22.190000534057617,206900,0,0,0.10124074214132106,0.903869703611221,22.7513334274292,26.050944297116512,19.451722557741885,22.605000495910645,23.28499984741211,,,17.229999542236328
2018-09-17,22.440000534057617,24.11000061035156,21.01000022888184,21.61000061035156,135800,0,0,-0.026137895887648255,0.8802444514022314,22.7763334274292,26.02958526809079,19.52308158676761,22.425000190734863,23.28499984741211,,,16.1299991607666
2018-09-18,21.780000686645508,23.270000457763672,21.020000457763672,21.899999618530277,106200,0,0,0.013419666820360998,0.8920570386605208,22.802666727701823,26.01433308549938,19.591000369904265,21.890000343322754,23.28499984741211,,,15.93000030517578
2018-09-19,21.899999618530277,22.799999237060547,20.149999618530277,20.46999931335449,195800,0,0,-0.06529681872532178,0.8338085519144574,22.759333356221518,26.05886087175619,19.459805840686847,21.890000343322754,23.28499984741211,,,16.559999465942383
2018-09-20,20.690000534057617,21.59000015258789,19.86199951171875,20.989999771118164,177700,0,0,0.025403052037448415,0.8549898339480099,22.724000040690104,26.075114421091875,19.372885660288333,21.890000343322754,23.28499984741211,,,17.100000381469727
2018-09-21,20.90999984741211,23.290000915527344,20.450000762939453,22.81999969482422,1725300,0,0,0.08718437082710695,0.9295315846843397,22.75366668701172,26.091956316322207,19.41537705770123,21.890000343322754,23.28499984741211,,,16.719999313354492
2018-09-24,22.71999931335449,23.31999969482422,22.06999969482422,23.149999618530277,128500,0,0,0.014460995973672341,0.9429735371878613,22.733333333333334,26.054355843336054,19.412310823330614,21.890000343322754,23.28499984741211,,,16.600000381469727
2018-09-25,23.11000061035156,23.59000015258789,22.309999465942383,23.3700008392334,133700,0,0,0.00950329262757399,0.951934890651816,22.737000020345054,26.06056569650962,19.413434344180487,21.890000343322754,23.28499984741211,,,16.43000030517578
2018-09-26,23.40999984741211,23.61000061035156,23.0,23.38999938964844,66500,0,0,0.0008557359733367687,0.9527494955820212,22.772666676839194,26.100501448499514,19.444831905178873,21.890000343322754,23.28499984741211,,,18.350000381469727
2018-09-27,23.489999771118164,23.950000762939453,23.01499938964844,23.81999969482422,86600,0,0,0.018383938281164802,0.9702647835062119,22.85166664123535,26.162745166873254,19.540588115597448,21.986000061035156,23.28499984741211,,,18.09000015258789
2018-09-28,23.68000030517578,24.290000915527344,22.82999992370605,24.0,204400,0,0,0.007556687971532305,0.9775967717249348,22.935333315531413,26.23146579049108,19.639200840571746,22.076000213623047,23.28499984741211,,,18.280000686645508
2018-10-01,24.100000381469727,24.489999771118164,22.88999938964844,22.959999084472656,136200,0,0,-0.04333337148030603,0.9352342076578303,22.990666643778482,26.230749681871554,19.75058360568541,22.175999641418457,23.19499969482422,23.81725025177002,,17.860000610351562
2018-10-02,22.32999992370605,23.5,21.809999465942383,22.190000534057617,186000,0,0,-0.03353652356788517,0.903869703611221,22.974666659037272,26.22557741147369,19.723755906600854,22.175999641418457,22.98200035095215,23.81725025177002,,17.18000030517578
2018-10-03,22.190000534057617,22.3700008392334,21.059999465942383,21.76000022888184,91600,0,0,-0.01937811152892066,0.8863544156870303,22.92366663614909,26.20091527663792,19.646417995660258,22.47000026702881,22.98200035095215,23.81725025177002,,16.829999923706055
2018-10-04,21.700000762939453,22.6200008392334,19.604999542236328,19.90999984741211,265100,0,0,-0.08501839898945596,0.8109979823280843,22.769999949137368,26.16294217055491,19.377057727719826,22.047499656677246,22.94950008392334,23.65250015258789,,15.6899995803833
2018-10-05,19.030000686645508,20.149999618530277,17.93000030517578,17.959999084472656,239000,0,0,-0.09794077236986587,0.7315682135484689,22.510666592915854,26.135733033238882,18.885600152592826,21.210000038146973,22.112000465393066,23.610000133514404,,14.729999542236328
2018-10-08,17.8799991607666,18.26499938964844,15.975000381469728,17.010000228881836,161400,0,0,-0.05289526191636296,0.6928717212831369,22.2396666208903,26.23235928045927,18.24697396132133,20.232500076293945,20.992500305175785,23.695000171661377,,17.579999923706055
2018-10-09,16.709999084472656,17.329999923706055,16.309999465942383,16.530000686645508,95000,0,0,-0.02821866759421443,0.6733198044948169,21.968999989827473,26.350708914375883,17.587291065279064,20.232500076293945,20.757500648498535,24.102499961853027,,18.46999931335449
2018-10-10,16.520000457763672,16.610000610351562,15.520000457763672,16.200000762939453,167700,0,0,-0.019963696914583884,0.6598778519912954,21.692333348592122,26.431039448535074,16.95362724864917,20.005000114440918,20.350000381469727,24.102499961853027,,20.350000381469727
2018-10-11,16.15999984741211,18.850000381469727,15.510000228881836,17.020000457763672,287500,0,0,0.05061726272878464,0.6932790625944449,21.4306666692098,26.302782018257066,16.558551320162533,20.0,20.0,24.02500009536743,,20.229999542236328
2018-10-12,17.709999084472656,18.34000015258789,17.176000595092773,18.0,130600,0,0,0.057579290004619255,0.7331975787937011,21.197333335876465,26.033918783579367,16.360747888173563,19.505000114440918,20.0,23.727499961853027,,19.399999618530277
2018-10-15,17.93000030517578,18.200000762939453,15.90999984741211,17.270000457763672,187700,0,0,-0.0405555301242404,0.703462362299913,20.935666656494142,25.744544686638484,16.1267886263498,19.065000534057617,20.0,23.4060001373291,,19.030000686645508
2018-10-16,17.260000228881836,18.840999603271484,16.940000534057617,18.559999465942383,51700,0,0,0.07469594522209722,0.7560081483800744,20.73266665140788,25.41044289613309,16.054890406682667,19.065000534057617,20.0,23.448500156402588,,20.34000015258789
2018-10-17,18.549999237060547,18.549999237060547,16.799999237060547,17.770000457763672,274500,0,0,-0.04256460295854858,0.723828961710849,20.554999987284344,25.264191800433707,15.845808174134978,17.829999923706055,20.0,23.37600040435791,,20.600000381469727
2018-10-18,17.65999984741211,17.860000610351562,16.600000381469727,17.170000076293945,121300,0,0,-0.03376479268505517,0.6993890268792434,20.399666659037273,25.235275589570826,15.56405772850372,17.18000030517578,20.0,23.310999870300293,,20.729999542236328
2018-10-19,17.030000686645508,18.200000762939453,16.625,17.1299991607666,105500,0,0,-0.0023296980401631417,0.6977596616340113,20.272999954223632,25.242736760058346,15.303263148388918,17.18000030517578,20.0,23.112500190734863,,20.86000061035156
2018-10-22,17.260000228881836,17.989999771118164,16.700000762939453,17.229999542236328,100700,0,0,0.0058377341721511655,0.7018329970546807,20.106999969482423,25.138739076319087,15.07526086264576,17.18000030517578,20.0,22.945000171661377,,22.96999931335449
2018-10-23,17.0,17.25,16.040000915527344,16.1299991607666,106900,0,0,-0.06384215964563833,0.657026462812139,19.957333246866863,25.181289317675656,14.73337717605807,17.18000030517578,20.0,22.855000019073486,,21.75
2018-10-24,16.170000076293945,16.600000381469727,15.06999969482422,15.93000030517578,113200,0,0,-0.012399185740646801,0.6488798696632111,19.819666608174643,25.238298570276644,14.401034646072642,16.95549964904785,19.77999973297119,22.58750009536743,,21.3799991607666
2018-10-25,16.040000915527344,17.21500015258789,15.859999656677246,16.559999465942383,231500,0,0,0.03954796915866421,0.6745417507363298,19.69999993642171,25.240554776046608,14.159445096796814,16.95549964904785,19.77999973297119,22.58750009536743,,22.809999465942383
2018-10-26,16.350000381469727,17.399999618530273,16.209999084472656,17.100000381469727,79000,0,0,0.03260875198926905,0.6965377153924981,19.530333264668783,25.067256232962375,13.993410296375192,16.95549964904785,19.77999973297119,22.58750009536743,,22.38999938964844
2018-10-29,17.420000076293945,17.540000915527344,16.545000076293945,16.719999313354492,108700,0,0,-0.022222284189362895,0.6810590563324365,19.367333221435548,24.9373633168207,13.797303126050394,16.809999465942383,19.77999973297119,22.58750009536743,,21.229999542236328
2018-10-30,16.6200008392334,17.389999389648438,16.459999084472656,16.600000381469727,129500,0,0,-0.007176969905071773,0.676171115981562,19.190666580200194,24.764350826582103,13.616982333818285,16.635000228881836,19.77999973297119,22.58750009536743,,19.299999237060547
2018-10-31,16.829999923706055,17.100000381469727,16.200000762939453,16.43000030517578,289800,0,0,-0.010240968216103985,0.6692464690741472,19.055999946594238,24.693965701479495,13.41803419170898,16.635000228881836,19.77999973297119,22.58750009536743,,19.18000030517578
2018-11-01,16.520000457763672,18.59000015258789,16.309999465942383,18.350000381469727,92100,0,0,0.11685940600312139,0.7474542139198384,18.967999966939292,24.56500174443595,13.370998189442634,16.829999923706055,19.77999973297119,22.58750009536743,,18.76000022888184
2018-11-02,18.3799991607666,18.489999771118164,17.694000244140625,18.09000015258789,50200,0,0,-0.014168949508273077,0.7368635729030623,18.810333315531413,24.229207282172865,13.391459348889958,16.829999923706055,19.77999973297119,22.635499954223633,,19.809999465942383
2018-11-05,18.07999992370605,18.420000076293945,17.479999542236328,18.280000686645508,74900,0,0,0.010503069787450192,0.744602902433093,18.64800001780192,23.825062746084946,13.470937289518892,16.829999923706055,19.77999973297119,22.680500030517578,,17.059999465942383
2018-11-06,18.190000534057617,18.739999771118164,17.639999389648438,17.860000610351562,53000,0,0,-0.022975933288710282,0.7274949558202102,18.46433334350586,23.342496518249487,13.586170168762234,17.299999713897705,19.28499984741211,22.685499668121338,23.69950008392334,17.059999465942383
2018-11-07,18.63999938964844,18.63999938964844,16.920000076293945,17.18000030517578,88300,0,0,-0.03807392396065523,0.6997963681905512,18.25733337402344,22.79943789844375,13.715228849603129,17.47000026702881,18.84500026702881,22.578999996185303,23.69950008392334,17.6299991607666
2018-11-08,16.979999542236328,18.309999465942383,16.610000610351562,16.829999923706055,41300,0,0,-0.020372548035653026,0.6855397330644137,18.02433338165283,22.09690266662752,13.95176409667814,17.47000026702881,18.84500026702881,22.72600030899048,23.69950008392334,17.059999465942383
2018-11-09,16.649999618530273,16.80299949645996,15.060999870300291,15.6899995803833,59700,0,0,-0.06773620608975739,0.6391038724228454,17.747333367665608,21.250539408662192,14.244127326669023,16.90049982070923,17.605499744415283,22.498499870300293,23.337499618530273,15.84000015258789
2018-11-12,15.68000030517578,16.149999618530273,14.5,14.729999542236328,76400,0,0,-0.06118547251889217,0.5999999999999999,17.473000049591064,20.568153572877996,14.377846526304133,16.619999885559082,16.675000190734863,21.66100025177002,22.414999961853027,16.110000610351562
2018-11-13,14.630000114440918,19.375,14.630000114440918,17.579999923706055,251800,0,0,0.1934827203013636,0.716089632180818,17.319333362579346,19.876715541059596,14.761951184099098,16.9375,16.9375,20.612500190734863,21.437500000000004,15.84000015258789
2018-11-14,17.600000381469727,19.059999465942383,17.600000381469727,18.46999931335449,81900,0,0,0.050625676536454334,0.7523421542707126,17.2096666653951,19.22351293406893,15.195820396721274,16.9375,16.9375,20.49500036239624,21.437500000000004,13.829999923706056
2018-11-15,18.3799991607666,20.489999771118164,17.950000762939453,20.350000381469727,133700,0,0,0.10178674271828081,0.8289206115635828,17.224333349863688,19.3207954800809,15.127871219646478,17.494999885559082,17.494999885559082,20.177500247955322,21.210000038146973,15.739999771118164
2018-11-16,20.1299991607666,20.280000686645508,19.621000289916992,20.229999542236328,90100,0,0,-0.005896847026237384,0.8240325935202972,17.300000031789143,19.64466118214846,14.955338881429824,17.494999885559082,17.494999885559082,20.0,21.204999923706055,15.760000228881836
2018-11-19,20.229999542236328,20.649999618530277,19.15999984741211,19.399999618530277,79900,0,0,-0.041028173133329626,0.7902240416058398,17.37966667811076,19.838377859489835,14.920955496731684,17.574999809265137,17.574999809265137,19.75250005722046,21.204999923706055,16.290000915527344
2018-11-20,19.170000076293945,20.28499984741211,18.48500061035156,19.030000686645508,96600,0,0,-0.01907211026598976,0.7751528015494972,17.46300001144409,19.969555842090777,14.956444180797403,17.574999809265137,17.574999809265137,19.53250026702881,21.204999923706055,16.079999923706055
2018-11-21,19.21999931335449,20.479999542236328,18.53499984741211,20.34000015258789,69300,0,0,0.06883864522725358,0.8285132702522747,17.60099999109904,20.264135863141398,14.937864119056686,17.574999809265137,17.574999809265137,19.53250026702881,21.204999923706055,18.100000381469727
2018-11-23,20.25,21.549999237060547,19.600000381469727,20.600000381469727,52600,0,0,0.012782705355523616,0.8391039112690508,17.720333321889242,20.580824573564886,14.859842070213597,18.024999618530273,18.024999618530273,18.914999961853027,21.204999923706055,17.989999771118164
2018-11-26,20.809999465942383,21.09000015258789,19.40699958801269,20.729999542236328,131800,0,0,0.006310638755305131,0.8443991929312334,17.811333306630452,20.86732021828156,14.755346394979345,18.089999675750732,18.024999618530273,18.59000015258789,21.204999923706055,18.51000022888184
2018-11-27,20.56999969482422,21.239999771118164,20.06999969482422,20.86000061035156,67700,0,0,0.0062711563427853,0.8496945522858269,17.930999978383383,21.16743998339623,14.694559973370538,19.574999809265137,18.024999618530273,18.59000015258789,21.204999923706055,17.020000457763672
2018-11-28,21.06999969482422,23.11000061035156,20.964000701904297,22.96999931335449,143500,0,0,0.10115046218914614,0.9356415489691379,18.077999973297118,21.77933025024828,14.376669696345958,20.530000686645508,18.80500030517578,18.59000015258789,21.204999923706055,15.550000190734863
2018-11-29,23.51000022888184,23.51000022888184,21.5,21.75,68600,0,0,-0.053112727462956255,0.8859470743757218,18.210666624704995,22.135394692817467,14.285938556592521,20.9975004196167,19.005000114440918,18.59000015258789,21.204999923706055,15.4399995803833
2018-11-30,21.780000686645508,22.040000915527344,20.059999465942383,21.3799991607666,88800,0,0,-0.017011532838317134,0.8708757566269683,18.350999927520753,22.414541739961617,14.28745811507989,20.9975004196167,19.005000114440918,18.36774969100952,20.98499965667725,15.020000457763672
2018-12-03,21.959999084472656,22.90999984741211,21.959999084472656,22.809999465942383,66700,0,0,0.06688495609484901,0.9291242433730315,18.54033327102661,22.876951813140895,14.203714728912328,20.9975004196167,19.005000114440918,18.36774969100952,20.98499965667725,15.470000267028809
2018-12-04,22.86000061035156,23.979999542236328,22.01000022888184,22.38999938964844,166200,0,0,-0.018412980540444268,0.9120162967601488,18.712333265940348,23.231672420136643,14.192994111744053,21.25749969482422,19.239999771118164,18.36774969100952,20.98499965667725,14.510000228881836
2018-12-06,22.18000030517578,22.399999618530277,20.799999237060547,21.229999542236328,262000,0,0,-0.05180883783089407,0.8647657923421698,18.882333278656006,23.384098124479408,14.380568432832604,21.69349956512451,19.239999771118164,18.294999599456787,20.98499965667725,14.789999961853027
2018-12-07,21.040000915527344,21.309999465942383,18.6200008392334,19.299999237060547,274700,0,0,-0.09090910724402579,0.7861507061851706,18.994666576385498,23.363214633425518,14.626118519345479,21.300000190734863,19.239999771118164,18.207499980926514,20.98499965667725,14.949999809265137
2018-12-10,19.200000762939453,19.549999237060547,18.920000076293945,19.18000030517578,98700,0,0,-0.006217561483336187,0.7812627658342961,19.08199993769328,23.356719577886675,14.807280297499883,21.300000190734863,19.239999771118164,18.207499980926514,20.98499965667725,14.5600004196167
2018-12-11,19.1299991607666,19.739999771118164,18.59000015258789,18.76000022888184,102800,0,0,-0.021897813848345105,0.7641548192214135,19.13733326594035,23.350932011948213,14.923734519932484,21.28499984741211,19.239999771118164,18.304999828338623,20.98499965667725,13.970000267028809
2018-12-12,19.040000915527344,20.44499969482422,18.84000015258789,19.809999465942383,145900,0,0,0.05597010790245216,0.8069246469074148,19.24033327102661,23.363209714517787,15.117456827535433,21.28499984741211,19.239999771118164,18.304999828338623,20.98499965667725,14.31999969482422
2018-12-13,20.09000015258789,20.200000762939453,17.0,17.059999465942383,210200,0,0,-0.13881878213716448,0.694908350147266,19.255666573842365,23.342649029520814,15.168684118163915,20.489999771118164,19.239999771118164,18.304999828338623,20.98499965667725,13.65999984741211
2018-12-14,17.059999465942383,17.329999923706055,16.540000915527344,17.059999465942383,154000,0,0,0.0,0.694908350147266,19.27666654586792,23.31183890447028,15.241494187265555,20.260000228881836,19.239999771118164,18.292499780654907,20.894999504089355,13.670000076293944
2018-12-17,17.049999237060547,19.209999084472656,17.010000228881836,17.6299991607666,194300,0,0,0.033411472020391075,0.7181262610449476,19.252666505177817,23.31785602452276,15.187476985832875,20.260000228881836,19.239999771118164,18.15750026702881,20.682000160217285,14.039999961853027
2018-12-18,17.75,19.11000061035156,16.93000030517578,17.059999465942383,190700,0,0,-0.032331237774116506,0.6949083501472662,19.218333148956297,23.338878434794406,15.097787863118189,19.47000026702881,19.239999771118164,18.15750026702881,20.682000160217285,13.920000076293944
2018-12-19,17.15999984741211,17.15999984741211,15.010000228881836,15.84000015258789,250500,0,0,-0.07151227148570727,0.6452138755538499,19.136999797821044,23.420439526096906,14.853560069545182,18.15999984741211,19.239999771118164,17.252999782562256,20.677500247955322,13.90999984741211
2018-12-20,15.920000076293944,16.649999618530273,15.295000076293944,16.110000610351562,338400,0,0,0.017045483280475837,0.656211857881934,19.07866646448771,23.475493605024607,14.681839323950815,17.727499961853027,19.304999828338623,16.647500038146973,20.397000312805176,13.600000381469728
2018-12-21,16.149999618530273,17.219999313354492,15.020000457763672,15.84000015258789,1284200,0,0,-0.016759804316219706,0.6452138755538498,19.033999792734782,23.532452864040636,14.535546721428931,17.727499961853027,19.494999885559082,16.9375,20.255000114440918,13.6899995803833
2018-12-24,15.420000076293944,15.479999542236328,13.274999618530272,13.829999923706056,178300,0,0,-0.1268939526211713,0.5633401365987972,18.93399979273478,23.74443943279298,14.12356015267658,16.859999656677246,18.6274995803833,16.9375,20.020000457763672,13.920000076293944
2018-12-26,14.06999969482422,15.90999984741211,13.100000381469728,15.739999771118164,198900,0,0,0.1381055573354104,0.6411405401331803,18.935666465759276,23.741670686238436,14.129662245280116,16.65000057220459,18.539999961853027,17.494999885559082,19.84000015258789,13.84000015258789
2018-12-27,15.43000030517578,16.15999984741211,14.739999771118164,15.760000228881836,283200,0,0,0.0012706771317982923,0.6419552227557964,18.969999821980796,23.66955935990562,14.270440284055972,16.15499973297119,18.539999961853027,17.494999885559082,19.494999885559082,14.220000267028809
2018-12-28,15.84000015258789,16.790000915527344,15.199999809265137,16.290000915527344,150300,0,0,0.03362948470484328,0.6635438461006568,18.926999855041505,23.69921243192283,14.15478727816018,16.15499973297119,18.539999961853027,17.574999809265137,19.494999885559082,14.5
2018-12-31,16.600000381469727,16.979999542236328,15.170000076293944,16.079999923706055,129800,0,0,-0.01289140454382176,0.6549898339480098,18.84733320871989,23.7253286347321,13.969337782707676,16.105000495910645,18.539999961853027,17.574999809265137,19.494999885559082,13.960000038146973
2019-01-02,15.989999771118164,18.21999931335449,15.4399995803833,18.100000381469727,83500,0,0,0.12562191961118563,0.7372709142143705,18.77233320871989,23.624894793046984,13.919771624392794,15.65999984741211,18.539999961853027,17.574999809265137,19.494999885559082,13.300000190734863
2019-01-03,18.040000915527344,20.084999084472656,15.949999809265137,17.989999771118164,137700,0,0,-0.006077381659294168,0.732790237482393,18.697666549682616,23.527242744590115,13.868090354775116,16.59249973297119,18.539999961853027,18.024999618530273,19.494999885559082,13.829999923706056
2019-01-04,18.3700008392334,19.84000015258789,18.1879997253418,18.51000022888184,236300,0,0,0.02890497300608663,0.7539715195159454,18.667999903361004,23.49092751900701,13.845072287715,16.59249973297119,18.539999961853027,18.057499647140503,19.494999885559082,13.890000343322754
2019-01-07,18.65999984741211,18.65999984741211,16.729999542236328,17.020000457763672,316600,0,0,-0.08049701527249398,0.6932790625944448,18.600999895731608,23.457459985049105,13.744539806414108,16.59249973297119,18.539999961853027,18.799999713897705,19.494999885559082,13.779999732971191
2019-01-08,17.270000457763672,17.600000381469727,15.329999923706056,15.550000190734863,250100,0,0,-0.08636899103949602,0.633401249449355,18.441333230336507,23.372498417386225,13.510168043286791,16.59249973297119,18.539999961853027,19.667500495910645,19.494999885559082,13.699999809265137
2019-01-09,15.760000228881836,16.645000457763672,15.25,15.4399995803833,213000,0,0,-0.007073994148058205,0.6289205727173776,18.269333203633625,23.246764010886178,13.291902396381072,17.41249942779541,18.539999961853027,20.00125026702881,19.494999885559082,13.970000267028809
2019-01-10,15.380000114440918,15.75,14.609999656677246,15.020000457763672,144500,0,0,-0.02720201645298248,0.6118126649507003,18.07899990081787,23.101687946891346,13.056311854744392,17.34749937057495,18.539999961853027,20.00125026702881,19.494999885559082,13.270000457763672
2019-01-11,14.960000038146973,15.93000030517578,14.845000267028809,15.470000267028809,320400,0,0,0.029960039650500647,0.6301425966513018,17.899333222707114,22.8969628307906,12.901703614623626,17.34749937057495,18.539999961853027,20.00125026702881,19.494999885559082,13.5
2019-01-14,15.329999923706056,15.329999923706056,14.010000228881836,14.510000228881836,670500,0,0,-0.062055592862077624,0.5910387242284562,17.61733325322469,22.389756035576568,12.844910470872811,17.047499656677246,17.750000000000004,20.24874973297119,19.494999885559082,13.350000381469728
2019-01-15,14.479999542236328,15.119999885559082,14.300000190734863,14.789999961853027,246500,0,0,0.019297017819052797,0.6024440090216429,17.385333251953124,22.006872211652954,12.763794292253293,17.047499656677246,17.204999923706055,20.466749668121338,19.494999885559082,14.449999809265137
2019-01-16,14.850000381469728,14.989999771118164,14.31999969482422,14.949999809265137,265000,0,0,0.010818110062527975,0.6089613146177496,17.17099994023641,21.62609337869297,12.715906501779848,16.925000190734863,16.772500038146973,20.269999980926514,19.494999885559082,15.81999969482422
2019-01-17,14.850000381469728,15.020000457763672,14.390000343322754,14.5600004196167,173200,0,0,-0.026086916028369322,0.593075391938791,16.895999972025553,20.92565402649889,12.866345917552216,16.335000038146973,16.772500038146973,20.269999980926514,19.494999885559082,16.729999542236328
2019-01-18,14.5,14.654999732971191,12.704999923706056,13.970000267028809,285900,0,0,-0.04052198733407886,0.5690427984184935,16.615333334604898,20.229298179809962,13.001368489399834,15.15250015258789,16.574999809265137,20.262499809265137,19.494999885559082,17.1200008392334
2019-01-22,13.93000030517578,14.720000267028809,13.720000267028809,14.31999969482422,260700,0,0,0.025053645032595995,0.5832993946984255,16.385000006357828,19.660191355355707,13.10980865735995,14.675000190734863,16.452500343322754,20.262499809265137,19.494999885559082,15.880000114440918
2019-01-23,14.369999885559082,14.729999542236328,13.5,13.65999984741211,150900,0,0,-0.04608937580149941,0.5564154896913827,16.19700002670288,19.428789913880117,12.965210139525647,14.317500114440918,16.394999504089355,19.864999771118164,19.494999885559082,16.649999618530273
2019-01-24,13.699999809265137,14.199000358581545,13.369999885559082,13.670000076293944,83300,0,0,0.0007320811854714115,0.5568228310026906,16.01333335240682,19.17206258293227,12.854604121881373,14.317500114440918,16.394999504089355,19.75,19.239999771118164,17.420000076293945
2019-01-25,13.289999961853027,14.380000114440918,13.289999961853027,14.039999961853027,239900,0,0,0.02706656060673507,0.5718941099052387,15.856000010172526,18.92123533738172,12.790764682963331,14.017499923706056,16.394999504089355,19.75,19.239999771118164,16.479999542236328
2019-01-28,13.859999656677246,14.300000190734863,13.295000076293944,13.920000076293944,237800,0,0,-0.00854700041916856,0.5670061307081586,15.659666697184244,18.428773385687954,12.890560008680534,13.912499904632568,16.394999504089355,19.355000019073486,19.239999771118164,14.920000076293944
2019-01-29,14.020000457763672,14.130000114440918,13.289999961853027,13.90999984741211,87100,0,0,-0.0007184072433207289,0.5665987893968506,15.554666709899902,18.342121982469397,12.767211437330404,13.862500190734863,16.394999504089355,18.699999809265137,19.239999771118164,14.93000030517578
2019-01-30,13.9399995803833,13.9399995803833,13.43000030517578,13.600000381469728,73500,0,0,-0.022286086940544125,0.5539715195159454,15.439333407084147,18.25411464457578,12.624552169592516,13.862500190734863,16.394999504089355,18.516249895095825,19.239999771118164,14.949999809265137
2019-01-31,13.619999885559082,14.550000190734863,13.59000015258789,13.6899995803833,369700,0,0,0.006617587969791394,0.5576374747791012,15.308000087738037,18.06917802080546,12.546822154670615,13.717499732971191,16.394999504089355,18.611249923706055,19.239999771118164,15.020000457763672
2019-02-01,13.68000030517578,14.0,13.550000190734863,13.920000076293944,93700,0,0,0.01680062110741143,0.5670061307081585,15.203333441416422,17.928982133361806,12.477684749471038,14.009999752044678,16.394999504089355,17.743749618530273,18.6274995803833,15.609999656677246
2019-02-04,13.899999618530272,14.0,13.5,13.84000015258789,86700,0,0,-0.0057471209243953325,0.5637474779101053,15.136666774749756,17.89420549665455,12.379128052844964,14.009999752044678,16.394999504089355,17.59500026702881,18.539999961853027,15.529999732971191
2019-02-05,13.859999656677246,14.510000228881836,13.84000015258789,14.220000267028809,278600,0,0,0.027456655364983096,0.5792260981239614,15.073666763305663,17.825767619564363,12.321565907046965,13.920000076293945,16.394999504089355,17.34749984741211,18.539999961853027,15.579999923706056
2019-02-06,14.199999809265137,14.93000030517578,14.15999984741211,14.5,220600,0,0,0.019690557504447703,0.5906313829171481,15.029000091552735,17.773436365362414,12.284563817743056,14.110000133514404,16.394999504089355,17.34749984741211,18.539999961853027,16.290000915527344
2019-02-07,14.399999618530272,14.5,13.539999961853027,13.960000038146973,110900,0,0,-0.0372413766795191,0.5686354571071853,15.033333428700765,17.770631119618066,12.296035737783463,14.110000133514404,16.394999504089355,17.322500228881836,18.539999961853027,17.540000915527344
2019-02-08,13.949999809265137,13.949999809265137,13.149999618530272,13.300000190734863,88900,0,0,-0.047277925903194795,0.5417515521001425,14.952000109354655,17.744553306120977,12.159446912588331,14.039999961853026,16.394999504089355,17.09999990463257,18.539999961853027,16.219999313354492
2019-02-11,13.460000038146973,13.989999771118164,13.199999809265137,13.829999923706056,79300,0,0,0.039849603411314716,0.5633401365987973,14.887666765848795,17.691625473698824,12.083708057998765,14.039999961853026,16.272500038146973,17.56624984741211,18.539999961853027,16.520000457763672
2019-02-12,13.829999923706056,14.09000015258789,13.520000457763672,13.890000343322754,83600,0,0,0.004338425158907588,0.56578414562044,14.80766674677531,17.584012574420235,12.031320919130382,14.039999961853026,15.682499885559082,17.56624984741211,18.539999961853027,17.440000534057617
2019-02-13,13.979999542236328,14.0,13.25,13.779999732971191,169200,0,0,-0.007919410196734922,0.5613034688884625,14.731000073750813,17.48965788168235,11.972342265819275,14.039999961853026,15.15250015258789,17.56624984741211,18.539999961853027,16.309999465942383
2019-02-14,13.75,13.899999618530272,13.045000076293944,13.699999809265137,176000,0,0,-0.0058055098154058404,0.5580448160904092,14.584333388010661,17.066665214229662,12.10200156179166,13.987500190734862,14.675000190734863,17.56624984741211,18.539999961853027,16.850000381469727
2019-02-15,13.729999542236328,14.475000381469728,13.399999618530272,13.970000267028809,274500,0,0,0.019708062884867594,0.5690427984184934,14.450333404541016,16.59606351219842,12.304603296883615,13.987500190734862,14.317500114440918,17.97624969482422,18.539999961853027,17.559999465942383
2019-02-19,14.0,14.0,13.18000030517578,13.270000457763672,185800,0,0,-0.05010735833106861,0.5405295670124238,14.275666745503743,15.851820880928164,12.699512610079323,13.987500190734862,14.317500114440918,17.94374966621399,18.539999961853027,18.399999618530277
2019-02-20,13.369999885559082,13.600000381469728,12.75,13.5,128300,0,0,0.017332293466634008,0.5498981840952758,14.15833339691162,15.38779631322702,12.928870480596222,13.625,14.017499923706056,17.94374966621399,18.539999961853027,18.020000457763672
2019-02-21,13.5,13.760000228881836,13.119999885559082,13.350000381469728,208100,0,0,-0.011111082854094234,0.5437882198104772,14.085000069936116,15.23400200748348,12.935998132388752,13.612500190734863,13.912499904632568,17.398749828338623,18.539999961853027,18.100000381469727
2019-02-22,13.470000267028809,14.670000076293944,13.34000015258789,14.449999809265137,360600,0,0,0.08239695852909845,0.5885947152068134,14.052000077565511,15.096179032266274,13.007821122864748,13.710000038146973,13.862500190734863,17.12624979019165,18.539999961853027,18.420000076293945
2019-02-25,14.619999885559082,16.0,14.619999885559082,15.81999969482422,538700,0,0,0.09480968191298245,0.6443991929312338,14.078666718800863,15.25230698957,12.905026448031725,14.375,14.352499961853027,16.848750114440918,18.539999961853027,19.6299991607666
2019-02-26,15.670000076293944,17.15999984741211,15.628999710083008,16.729999542236328,416200,0,0,0.05752211535818352,0.6814663976437446,14.120666694641113,15.550766661772162,12.690566727510063,14.954999923706055,14.932499885559082,16.553750038146973,18.539999961853027,19.6200008392334
2019-02-27,16.540000915527344,17.450000762939453,16.440000534057617,17.1200008392334,309100,0,0,0.023311494779929776,0.6973523980151143,14.207666714986166,15.99280479531862,12.422528634653712,15.100000381469727,15.100000381469727,15.863749980926514,18.34249973297119,19.440000534057617
2019-02-28,17.030000686645508,17.260000228881836,15.720000267028809,15.880000114440918,277400,0,0,-0.07242994532750302,0.6468432019528765,14.244000053405761,16.11670551818796,12.371294588623563,15.100000381469727,15.100000381469727,15.563750267028809,18.34249973297119,19.940000534057617
2019-03-01,15.899999618530272,16.770000457763672,15.729999542236328,16.649999618530273,275700,0,0,0.04848863340933707,0.6782077448456912,14.3006667137146,16.34885571068432,12.25247771674488,15.100000381469727,15.100000381469727,15.356249809265137,18.34249973297119,19.790000915527344
2019-03-04,16.81999969482422,17.764999389648438,15.75,17.420000076293945,506900,0,0,0.046246274799112586,0.7095723265847115,14.39600003560384,16.728167679037647,12.063832392170033,15.257499694824219,15.257499694824219,15.356249809265137,18.34249973297119,18.82999992370605
2019-03-05,17.229999542236328,17.450000762939453,16.420000076293945,16.479999542236328,267500,0,0,-0.053960994830121733,0.6712830979382765,14.479666678110759,16.921483002091176,12.03785035413034,15.44249963760376,15.257499694824219,15.206249713897705,18.34249973297119,19.229999542236328
2019-03-06,16.5,16.639999389648438,14.770000457763672,14.920000076293944,297400,0,0,-0.09466016439771652,0.6077393295300307,14.499666690826416,16.94572169806045,12.053611683592383,15.552499771118164,15.257499694824219,15.153749704360962,18.34249973297119,18.209999084472656
2019-03-07,14.93000030517578,15.4399995803833,14.50100040435791,14.93000030517578,300100,0,0,0.0006702566240415209,0.6081466708413388,14.542000039418538,16.97247297273083,12.111527106106244,16.132999897003174,15.257499694824219,15.12874984741211,18.34249973297119,18.059999465942383
2019-03-08,14.899999618530272,15.149999618530272,14.43000030517578,14.949999809265137,245900,0,0,0.001339551485636914,0.6089613146177494,14.584666697184245,16.99740127157341,12.171932122795079,16.09749984741211,15.257499694824219,15.12874984741211,18.34249973297119,18.36000061035156
2019-03-11,15.119999885559082,15.479999542236328,13.84000015258789,15.020000457763672,488300,0,0,0.004682317685057891,0.6118126649507002,14.617333380381266,17.02624470716108,12.208422053601453,15.802499771118164,15.257499694824219,15.056249618530273,18.34249973297119,18.799999237060547
2019-03-12,15.260000228881836,15.949999809265137,14.5600004196167,15.609999656677246,271200,0,0,0.039280904189893606,0.6358452196247921,14.673666699727375,17.093658275983486,12.253675123471266,15.802499771118164,15.257499694824219,15.202499628067017,18.34249973297119,17.739999771118164
2019-03-13,15.699999809265137,16.719999313354492,15.085000038146973,15.529999732971191,555700,0,0,-0.005124915148337905,0.6325865668267387,14.72766669591268,17.149372082854644,12.305961308970716,15.802499771118164,15.257499694824219,15.202499628067017,18.34249973297119,17.040000915527344
2019-03-14,15.510000228881836,16.780000686645508,15.3149995803833,15.579999923706056,653000,0,0,0.0032195873531608576,0.6346232345370736,14.79366668065389,17.196816539670458,12.390516821637323,15.802499771118164,15.257499694824219,15.15749979019165,18.34249973297119,15.960000038146973
2019-03-15,15.649999618530272,16.799999237060547,15.050000190734863,16.290000915527344,2834400,0,0,0.04557130906919782,0.6635438461006565,14.880333391825358,17.305312103858853,12.455354679791864,15.645000457763672,15.257499694824219,15.25249981880188,18.34249973297119,15.869999885559082
2019-03-18,16.34000015258789,18.34000015258789,15.550000190734863,17.540000915527344,1150200,0,0,0.07673418844369251,0.7144603446279968,15.00100008646647,17.577344870662607,12.424655302270333,16.09000015258789,15.545000076293945,15.25249981880188,18.34249973297119,16.530000686645508
2019-03-19,17.520000457763672,18.18000030517578,16.030000686645508,16.219999313354492,529800,0,0,-0.07525664385822894,0.6606924569215001,15.080333391825357,17.65537248752979,12.505294296120926,16.09000015258789,15.545000076293945,15.217499732971191,18.34249973297119,17.079999923706055
2019-03-20,16.209999084472656,16.639999389648438,15.869999885559082,16.520000457763672,266600,0,0,0.018495755678742842,0.6729124631835085,15.157000064849854,17.7616071997212,12.552392929978508,16.09000015258789,15.545000076293945,15.15625,18.34249973297119,17.469999313354492
2019-03-21,16.770000457763672,17.5,16.309999465942383,17.440000534057617,337000,0,0,0.055690075714349474,0.7103870092073274,15.255000082651774,17.97144473860241,12.538555426701139,16.09000015258789,15.545000076293945,14.861249923706055,18.34249973297119,18.34000015258789
2019-03-22,17.5,17.5,15.869999885559082,16.309999465942383,346300,0,0,-0.06479363724264331,0.6643584510308616,15.333333396911621,18.03147601133829,12.635190782484951,16.450000286102295,15.545000076293945,14.596250057220459,18.34249973297119,17.489999771118164
2019-03-25,16.329999923706055,17.09000015258789,16.079999923706055,16.850000381469727,280400,0,0,0.033108579595906296,0.6863544156870298,15.451666736602784,18.09389223654111,12.809441236664457,16.695000171661377,15.545000076293945,14.331250190734863,18.34249973297119,16.450000762939453
2019-03-26,16.899999618530273,17.600000381469727,16.485000610351562,17.559999465942383,206400,0,0,0.04213644322842014,0.7152749495582018,15.576000054677328,18.251890085276393,12.900110024078264,16.695000171661377,15.545000076293945,14.15250015258789,18.34249973297119,15.779999732971191
2019-03-27,17.889999389648438,19.149999618530277,17.43000030517578,18.399999618530277,656400,0,0,0.04783600103274921,0.7494908427839676,15.726333363850914,18.51029707704831,12.942369650653518,17.09999990463257,15.949999809265138,14.15250015258789,18.34249973297119,15.550000190734863
2019-03-28,18.020000457763672,19.843000411987305,17.59000015258789,18.020000457763672,356900,0,0,-0.020652128730693886,0.7340122614163168,15.867666721343996,18.672333854659154,13.062999588028838,17.696500301361084,16.481500148773193,13.821249961853027,18.34249973297119,16.0
2019-03-29,17.950000762939453,18.270000457763672,17.020000457763672,18.100000381469727,520300,0,0,0.004439507307092638,0.7372709142143702,16.01433340708415,18.810466979723415,13.218199834444881,17.856500148773193,16.591500282287598,13.762500047683716,17.552499771118168,15.300000190734863
2019-04-01,18.209999084472656,18.71999931335449,17.75,18.420000076293945,333900,0,0,0.017679540777901126,0.7503055254065836,16.162666734059652,18.981163457280392,13.344170010838912,17.856500148773193,16.841500282287598,13.786250114440918,17.00749969482422,15.210000038146973
2019-04-02,18.40999984741211,19.989999771118164,18.350000381469727,19.6299991607666,338000,0,0,0.0656894179946228,0.7995926586886917,16.37466669082642,19.24685591423711,13.50247746741573,17.929999828338623,16.914999961853027,14.363749980926514,16.574999809265137,14.850000381469728
2019-04-03,20.0,20.0,19.170000076293945,19.6200008392334,221600,0,0,-0.0005093388670737165,0.7991853950697947,16.578666718800864,19.474282355751946,13.683051081849785,17.93499994277954,16.920000076293945,14.943749904632568,16.574999809265137,15.40999984741211
2019-04-04,19.799999237060547,19.989999771118164,19.1299991607666,19.440000534057617,207700,0,0,-0.009174327088500522,0.7918534068510719,16.781666723887128,19.59671239381789,13.966621053956366,18.039999961853027,16.920000076293945,15.100000381469727,16.574999809265137,15.0
2019-04-05,19.6299991607666,20.040000915527344,19.31999969482422,19.940000534057617,296800,0,0,0.025720163902466675,0.8122200062620081,16.964666748046877,19.861663795335385,14.067669700758367,18.262500762939453,16.940000534057617,15.100000381469727,16.452500343322754,15.5
2019-04-08,19.96999931335449,20.01000022888184,19.3799991607666,19.790000915527344,127700,0,0,-0.007522548370752169,0.8061100419772095,17.097000122070312,20.131281525085516,14.062718719055109,18.530000686645508,16.940000534057617,15.100000381469727,16.394999504089355,15.800000190734863
2019-04-09,19.780000686645508,19.780000686645508,18.770000457763672,18.82999992370605,140300,0,0,-0.0485093960287829,0.7670061307081583,17.16700013478597,20.260120083107726,14.07388018646421,18.530000686645508,16.940000534057617,15.257499694824219,16.394999504089355,16.350000381469727
2019-04-10,18.809999465942383,19.309999465942383,18.63999938964844,19.229999542236328,99200,0,0,0.021242677650077813,0.7832993946984251,17.237333424886067,20.417148368320763,14.057518481451371,18.530000686645508,16.940000534057617,15.34999966621399,16.394999504089355,15.670000076293944
2019-04-11,19.229999542236328,19.229999542236328,18.020000457763672,18.209999084472656,189800,0,0,-0.053042146752180996,0.7417515132539367,17.31500005722046,20.47229675179062,14.157703362650299,18.895000457763672,16.940000534057617,15.404999732971191,16.394999504089355,16.389999389648438
2019-04-12,18.399999618530277,18.770000457763672,17.979999542236328,18.059999465942383,127100,0,0,-0.00823721175572023,0.7356415489691381,17.362000052134196,20.52027268229351,14.203727421974882,19.010000228881836,16.940000534057617,15.695249795913696,16.394999504089355,16.780000686645508
2019-04-15,18.049999237060547,18.40999984741211,17.079999923706055,18.36000061035156,214700,0,0,0.01661135953934667,0.7478615552311464,17.393333403269448,20.57174157254842,14.214925233990476,18.5600004196167,16.940000534057617,15.677499771118164,16.394999504089355,16.579999923706055
2019-04-16,18.479999542236328,19.01499938964844,18.229999542236328,18.799999237060547,276600,0,0,0.023965066017531234,0.7657841067742344,17.470666726430256,20.669123621044502,14.272209831816008,18.5600004196167,17.30000066757202,15.529999732971191,16.394999504089355,16.270000457763672
2019-04-17,18.920000076293945,18.920000076293945,17.0,17.739999771118164,172400,0,0,-0.05638295260421078,0.7226069377769249,17.56466671625773,20.62126467599993,14.508068756515527,18.520000457763672,17.545000553131104,15.529999732971191,16.394999504089355,16.84000015258789
2019-04-18,17.719999313354492,18.059999465942383,16.8799991607666,17.040000915527344,153200,0,0,-0.03945878605536757,0.6940937452170609,17.635000069936115,20.540179679411544,14.729820460460688,18.44499969482422,17.545000553131104,15.529999732971191,16.394999504089355,16.65999984741211
2019-04-22,16.860000610351562,17.6299991607666,15.390000343322754,15.960000038146973,240400,0,0,-0.06338032977429264,0.6501018547509297,17.668666744232176,20.47084869175171,14.866484796712644,17.58500051498413,17.545000553131104,15.529999732971191,16.394999504089355,16.110000610351562
2019-04-23,15.920000076293944,16.59000015258789,15.470000267028809,15.869999885559082,416100,0,0,-0.005639107291527279,0.6464358606415683,17.697000058492026,20.407769347137116,14.986230769846935,17.34999990463257,17.71500062942505,15.451250076293945,16.394999504089355,15.8100004196167
2019-04-24,15.989999771118164,16.600000381469727,15.529999732971191,16.530000686645508,206500,0,0,0.04158795247925573,0.6733198044948167,17.727666759490965,20.363565586786002,15.091767932195928,17.30999994277954,17.71500062942505,15.817500114440918,16.394999504089355,14.460000038146973
2019-04-25,16.5,17.799999237060547,16.31999969482422,17.079999923706055,354400,0,0,0.0332727897286107,0.6957230327698819,17.77933343251546,20.29987512534869,15.25879173968223,17.202499866485596,17.71500062942505,15.817500114440918,16.394999504089355,14.420000076293944
2019-04-26,17.139999389648438,18.030000686645508,17.020000457763672,17.469999313354492,167400,0,0,0.022833688020521548,0.7116089554488405,17.84233341217041,20.231741626395028,15.452925197945795,17.202499866485596,17.71500062942505,15.817500114440918,16.272500038146973,14.600000381469728
2019-04-29,17.459999084472656,18.63999938964844,16.540000915527344,18.34000015258789,174200,0,0,0.04979970654997956,0.7470468726085302,17.910666720072427,20.23538359592681,15.585949844218046,17.202499866485596,17.71500062942505,15.817500114440918,15.682499885559082,14.149999618530272
2019-04-30,18.38999938964844,18.38999938964844,17.229999542236328,17.489999771118164,363000,0,0,-0.04634680340227726,0.7124236380714566,17.90900001525879,20.234841580117234,15.583158450400346,17.15500020980835,17.71500062942505,15.99750018119812,15.522500038146973,13.5
2019-05-01,17.489999771118164,17.6299991607666,16.350000381469727,16.450000762939453,137800,0,0,-0.05946249409883342,0.6700611516967632,17.916666730244955,20.22174633018139,15.611587130308521,17.014999866485596,17.71500062942505,16.12000012397766,15.522500038146973,14.15999984741211
2019-05-02,16.299999237060547,16.489999771118164,15.630000114440918,15.779999732971191,212500,0,0,-0.04072954400571949,0.6427698665322068,17.892000039418537,20.27051564345399,15.513484435383086,17.014999866485596,17.71500062942505,16.12000012397766,15.522500038146973,14.539999961853027
2019-05-03,15.649999618530272,15.93000030517578,15.140000343322754,15.550000190734863,563800,0,0,-0.014575383151354537,0.6334012494493548,17.82900002797445,20.347151517853153,15.310848538095744,16.889999866485596,17.59000062942505,16.524999856948853,15.927499771118168,14.520000457763672
2019-05-06,15.140000343322754,16.049999237060547,15.140000343322754,16.0,253100,0,0,0.02893889413154227,0.6517311811499563,17.818666712443033,20.363887579576094,15.273445845309972,16.889999866485596,17.59000062942505,17.08900022506714,16.27400016784668,14.270000457763672
2019-05-07,15.6899995803833,15.899999618530272,15.270000457763672,15.300000190734863,161900,0,0,-0.043749988079071045,0.6232179497438869,17.767000039418537,20.44722093023208,15.086779148604993,16.889999866485596,17.59000062942505,17.224000215530396,16.27400016784668,14.029999732971191
2019-05-08,15.300000190734863,15.664999961853027,15.145000457763672,15.210000038146973,160100,0,0,-0.005882362840909705,0.6195519556345255,17.68866672515869,20.52056319126128,14.8567702590561,16.889999866485596,17.59000062942505,17.349000215530396,16.27400016784668,13.850000381469728
2019-05-09,14.640000343322754,15.3149995803833,14.489999771118164,14.850000381469728,169000,0,0,-0.0236686164217198,0.6048880180432855,17.570333417256673,20.56439412092932,14.576272713584027,16.5649995803833,17.265000343322754,17.422499895095825,16.34749984741211,14.390000343322754
2019-05-10,14.760000228881836,15.539999961853027,14.760000228881836,15.40999984741211,382900,0,0,0.03771040077824939,0.6276985876296588,17.483333396911622,20.569718431549973,14.396948362273271,16.4399995803833,17.265000343322754,17.427500009536743,16.352499961853027,14.229999542236328
2019-05-13,14.75,15.279999732971191,14.68000030517578,15.0,336900,0,0,-0.026606090296682483,0.610997982328084,17.38000005086263,20.58154531578215,14.178454785943112,16.059999465942383,17.265000343322754,17.480000019073486,16.375,13.789999961853027
2019-05-14,14.920000076293944,15.619999885559082,14.920000076293944,15.5,274100,0,0,0.03333333333333344,0.6313645817390202,17.282666714986167,20.528766302499708,14.036567127472624,15.489999771118164,17.25,17.601250648498535,16.395000457763672,14.350000381469728
2019-05-15,14.3100004196167,15.994999885559082,14.3100004196167,15.800000190734863,292100,0,0,0.01935485101515244,0.643584549154823,17.155000082651775,20.322601171074503,13.987398994229048,15.179999828338623,17.045000553131104,17.735000610351562,16.395000457763672,13.699999809265137
2019-05-16,15.81999969482422,17.170000076293945,15.81999969482422,16.350000381469727,330000,0,0,0.03481013823388324,0.6659878162760938,17.046000067392985,20.090242523624863,14.001757611161107,15.740000247955322,16.80999994277954,17.735000610351562,16.395000457763672,13.710000038146973
2019-05-17,16.100000381469727,16.219999313354492,15.56999969482422,15.670000076293944,204600,0,0,-0.04159023176210208,0.6382892286464348,16.920333385467526,19.869274811672025,13.971391959263027,15.740000247955322,16.769999980926514,17.735000610351562,16.395000457763672,14.600000381469728
2019-05-20,15.619999885559082,16.479999542236328,15.220000267028809,16.389999389648438,296000,0,0,0.0459476266655372,0.6676171038289149,16.80200001398722,19.535123006360013,14.06887702161443,15.740000247955322,16.66249990463257,17.917500495910645,16.395000457763672,14.369999885559082
2019-05-21,16.549999237060547,17.15999984741211,15.75,16.780000686645508,238100,0,0,0.023795076968909923,0.6835031042002847,16.701666673024494,19.201129938188146,14.202203407860843,15.740000247955322,16.66249990463257,17.975000381469727,16.395000457763672,14.960000038146973
2019-05-22,16.799999237060547,17.110000610351562,16.260000228881836,16.579999923706055,178100,0,0,-0.011918996111759728,0.6753564333589458,16.626666673024495,18.998768092848433,14.254565253200557,15.740000247955322,16.66249990463257,17.750000476837158,16.395000457763672,15.729999542236328
2019-05-23,16.290000915527344,16.440000534057617,15.609999656677246,16.270000457763672,265600,0,0,-0.018697193448061866,0.6627291634780405,16.528000036875408,18.697617782277007,14.35838229147381,15.740000247955322,16.615000247955322,17.93000054359436,16.395000457763672,15.039999961853027
2019-05-24,16.389999389648438,16.969999313354492,16.309999465942383,16.84000015258789,136500,0,0,0.0350337848055946,0.6859470743757219,16.482333405812582,18.56489861184998,14.399768199775185,15.740000247955322,16.47499990463257,18.032500505447388,16.395000457763672,15.039999961853027
2019-05-28,16.8700008392334,17.165000915527344,16.469999313354492,16.65999984741211,607800,0,0,-0.01068885412973819,0.6786150861569992,16.43566675186157,18.43638796653281,14.434945537190334,15.740000247955322,16.47499990463257,17.99500012397766,16.395000457763672,15.470000267028809
2019-05-29,16.850000381469727,16.885000228881836,15.920000076293944,16.110000610351562,244700,0,0,-0.033013159789793245,0.6562118578819338,16.360666751861572,18.232574884994094,14.48875861872905,16.195000171661377,16.47499990463257,17.565000534057617,16.395000457763672,15.220000267028809
2019-05-30,16.170000076293945,16.3799991607666,15.539999961853027,15.8100004196167,461400,0,0,-0.01862198506324675,0.643991890466131,16.261000124613442,17.909180070716637,14.61282017851025,16.192500591278076,16.47499990463257,17.53250026702881,16.395000457763672,14.640000343322754
2019-05-31,15.520000457763672,15.6899995803833,14.359999656677246,14.460000038146973,411900,0,0,-0.08538901616945416,0.5890020565181212,16.151666800181072,17.82764430825731,14.475689292104835,15.762500286102295,16.47499990463257,17.512500286102295,16.395000457763672,15.130000114440918
2019-06-03,14.489999771118164,14.979999542236328,14.079999923706056,14.420000076293944,309800,0,0,-0.0027662490835065334,0.5873727301190945,16.06433343887329,17.81684145875256,14.311825418994024,15.6225004196167,16.35999965667725,17.458750247955322,16.395000457763672,15.449999809265137
2019-06-04,14.56999969482422,15.005000114440918,14.130000114440918,14.600000381469728,370300,0,0,0.012482684065425298,0.5947047183378175,16.01900011698405,17.848132322825666,14.18986791114243,15.6225004196167,16.35999965667725,17.458750247955322,16.395000457763672,15.75
2019-06-05,14.6899995803833,14.887999534606934,14.0,14.149999618530272,217900,0,0,-0.030821969259028026,0.5763747477910103,15.961666774749755,17.909089721716587,14.014243827782924,15.582500457763672,16.19499969482422,17.458750247955322,16.395000457763672,15.399999618530272
2019-06-06,13.989999771118164,14.199999809265137,13.229999542236328,13.5,420500,0,0,-0.0459363700391241,0.5498981840952756,15.860666751861572,17.98478176363375,13.736551740089393,15.197500228881836,15.429999351501465,17.4350004196167,16.395000457763672,14.779999732971191
2019-06-07,13.529999732971191,14.3100004196167,13.109999656677246,14.15999984741211,211900,0,0,0.04888887758608207,0.5767820891023183,15.763333415985107,17.922129270675946,13.60453756129427,15.137500286102295,15.139999866485596,17.365000247955322,16.395000457763672,14.8100004196167
2019-06-10,14.260000228881836,14.720000267028809,13.984999656677246,14.539999961853027,204600,0,0,0.026836166563262154,0.5922607093161745,15.665666770935058,17.771585585120302,13.559747956749813,14.997499942779541,15.139999866485596,17.365000247955322,16.395000457763672,14.920000076293944
2019-06-11,14.65999984741211,14.699999809265137,14.029999732971191,14.520000457763672,384600,0,0,-0.0013754817153938115,0.5914460655397639,15.538333447774251,17.434884486464558,13.641782409083946,14.744999408721924,15.139999866485596,17.240000247955322,16.395000457763672,14.93000030517578
2019-06-12,14.550000190734863,14.949999809265137,14.130000114440918,14.270000457763672,166500,0,0,-0.017217630311184173,0.5812627658342958,15.431000137329102,17.236449389687987,13.625550884970217,14.399999618530273,15.139999866485596,17.240000247955322,16.580000400543213,15.079999923706056
2019-06-13,14.34000015258789,14.34000015258789,13.75,14.029999732971191,246400,0,0,-0.0168185506022116,0.5714867685939302,15.350333436330159,17.18233967654433,13.518327196115985,14.057499885559082,15.139999866485596,17.240000247955322,16.690000534057617,14.649999618530272
2019-06-14,13.949999809265137,14.039999961853027,13.68000030517578,13.850000381469728,196500,0,0,-0.012829604770302039,0.5641548192214131,15.286000124613444,17.186929140236394,13.385071108990495,14.057499885559082,15.139999866485596,17.240000247955322,16.940000534057617,13.779999732971191
2019-06-17,13.920000076293944,14.4399995803833,13.449999809265137,14.390000343322754,222500,0,0,0.03898916584691969,0.5861507450313758,15.24733346303304,17.172094497756774,13.322572428309305,14.029999732971191,15.139999866485596,16.914999961853027,16.940000534057617,13.670000076293944
2019-06-18,14.460000038146973,14.760000228881836,14.130000114440918,14.229999542236328,127100,0,0,-0.011118887926967247,0.5796334005890635,15.188333447774252,17.12558095270364,13.251085942844863,14.029999732971191,15.139999866485596,16.852499961853027,16.940000534057617,13.699999809265137
2019-06-19,14.210000038146973,14.489999771118164,13.68000030517578,13.789999961853027,290000,0,0,-0.03092056180868663,0.5617108101997702,15.138000106811523,17.13805745626529,13.137942757357756,14.029999732971191,15.139999866485596,16.66249990463257,16.940000534057617,14.3100004196167
2019-06-20,13.970000267028809,14.390000343322754,13.710000038146973,14.350000381469728,161300,0,0,0.0406091675972311,0.5845214186323492,15.10933345158895,17.128871179962534,13.089795723215367,14.199999809265137,15.139999866485596,16.369999885559082,16.940000534057617,14.59000015258789
2019-06-21,14.25,14.329999923706056,13.369999885559082,13.699999809265137,257200,0,0,-0.045296205918150534,0.5580448160904088,15.07100009918213,17.151119475468654,12.990880722895609,14.15999984741211,15.139999866485596,16.112500190734863,16.940000534057617,14.31999969482422
2019-06-24,13.84000015258789,13.84000015258789,13.270000457763672,13.710000038146973,199900,0,0,0.0007299437241650164,0.5584521574017168,15.014333438873292,17.14606678776214,12.882600089984443,14.110000133514404,15.137500286102295,16.27500009536743,16.940000534057617,13.300000190734863
2019-06-25,13.710000038146973,15.369999885559082,13.515000343322754,14.600000381469728,452100,0,0,0.06491614448186733,0.5947047183378172,15.001000118255616,17.13788910747024,12.864111129040992,14.320000171661377,15.137500286102295,16.255000114440918,16.940000534057617,12.899999618530272
2019-06-26,15.59000015258789,16.09000015258789,14.279999732971191,14.369999885559082,448300,0,0,-0.015753458212409477,0.5853360624087597,14.963333447774254,17.103523942982726,12.823142952565782,14.680000305175781,15.137500286102295,16.201250076293945,16.940000534057617,11.970000267028809
2019-06-27,14.31999969482422,14.970000267028809,14.18000030517578,14.960000038146973,240400,0,0,0.04105777016608059,0.6093686559290571,14.93533344268799,17.053014106025458,12.81765277935052,14.680000305175781,15.137500286102295,16.201250076293945,16.940000534057617,11.18000030517578
2019-06-28,15.020000457763672,15.779999732971191,15.020000457763672,15.729999542236328,575400,0,0,0.05147055495494057,0.6407331988218719,14.914666748046875,16.98865314486007,12.84068035123368,14.680000305175781,15.137500286102295,16.201250076293945,16.940000534057617,11.609999656677246
2019-07-01,15.970000267028809,15.970000267028809,14.970000267028809,15.039999961853027,149300,0,0,-0.04386520028373786,0.6126273087271105,14.89366674423218,16.94943194841195,12.837901540052412,14.680000305175781,15.137500286102295,16.177500247955322,17.17500066757202,11.630000114440918
2019-07-02,15.119999885559082,15.239999771118164,14.760000228881836,15.039999961853027,106600,0,0,0.0,0.6126273087271105,14.848666763305664,16.82966655688985,12.867666969721476,14.680000305175781,15.137500286102295,16.107500076293945,17.17500066757202,12.0
2019-07-03,15.130000114440918,15.640000343322754,14.800000190734863,15.470000267028809,47700,0,0,0.02859044589537363,0.6301425966513012,14.805000082651775,16.668815228937508,12.941184936366042,14.680000305175781,14.997499942779541,16.107500076293945,17.17500066757202,11.760000228881836
2019-07-05,15.369999885559082,15.600000381469728,15.0600004196167,15.220000267028809,123300,0,0,-0.01616030999901308,0.6199592969458332,14.759666760762533,16.512120548593295,13.007212972931772,14.680000305175781,14.744999408721924,16.335000038146973,17.17500066757202,11.210000038146973
2019-07-08,15.18000030517578,15.18000030517578,14.43000030517578,14.640000343322754,132900,0,0,-0.03810774727530808,0.5963340447368437,14.705333423614501,16.366382292697743,13.04428455453126,14.802500247955322,14.599999904632568,16.333750247955322,17.17500066757202,11.039999961853027
2019-07-09,14.65999984741211,15.220000267028809,14.449999809265137,15.130000114440918,129000,0,0,0.033469928936282534,0.6162933028364718,14.648333422342937,16.120211961316343,13.17645488336953,15.135000228881836,14.599999904632568,16.11875009536743,17.17500066757202,10.40999984741211
2019-07-10,15.229999542236328,15.635000228881836,14.81999969482422,15.449999809265137,91600,0,0,0.02115001271670791,0.629327914028685,14.608000087738038,15.915294834228272,13.300705341247804,15.075000286102295,14.599999904632568,15.991250038146974,17.0600004196167,9.989999771118164
2019-07-11,15.489999771118164,16.15999984741211,15.1899995803833,15.75,173400,0,0,0.019417488313168585,0.6415478814444878,14.596000067392985,15.853918105930639,13.338082028855332,15.295000076293945,14.634999752044678,15.991250038146974,17.0600004196167,10.600000381469728
2019-07-12,15.75,15.9399995803833,15.149999618530272,15.399999618530272,220000,0,0,-0.022222246442522464,0.6272912463183502,14.582333374023438,15.795598859982066,13.36906788806481,15.295000076293945,14.634999752044678,15.888750076293945,17.020000457763672,11.020000457763672
2019-07-15,15.420000076293944,15.420000076293944,14.68000030517578,14.779999732971191,60500,0,0,-0.04025973382577597,0.6020366677103342,14.593000030517578,15.807394673351265,13.37860538768389,15.295000076293945,14.634999752044678,15.31374979019165,16.635000228881836,10.550000190734863
2019-07-16,14.779999732971191,15.1899995803833,14.520000457763672,14.8100004196167,137500,0,0,0.0020298164538246066,0.6032586916442583,14.606000041961671,15.821053917977808,13.390946165945534,15.295000076293945,14.71500015258789,15.138750076293945,16.575000286102295,10.399999618530272
2019-07-17,14.720000267028809,15.109999656677246,14.449999809265137,14.920000076293944,57000,0,0,0.007427390517257715,0.6077393295300302,14.616666698455811,15.836896146709625,13.396437250201997,15.295000076293945,14.71500015258789,15.068749904632568,16.575000286102295,10.18000030517578
2019-07-18,14.829999923706056,15.289999961853027,14.640000343322754,14.93000030517578,278600,0,0,0.0006702566240415209,0.6081466708413382,14.642666721343994,15.855279649841737,13.430053792846252,15.295000076293945,14.71500015258789,14.94249963760376,16.575000286102295,9.600000381469728
2019-07-19,14.880000114440918,15.199999809265137,14.720000267028809,15.079999923706056,123400,0,0,0.010046859709592626,0.6142566351261369,14.69533338546753,15.840663011310864,13.550003759624195,15.304999828338623,14.71500015258789,14.769999742507935,16.575000286102295,9.800000190734863
2019-07-22,15.140000343322754,15.989999771118164,14.510000228881836,14.649999618530272,359400,0,0,-0.028514609240800848,0.5967413472019459,14.711666711171468,15.839952482824284,13.583380939518651,15.304999828338623,14.71500015258789,14.598749876022339,16.575000286102295,9.31999969482422
2019-07-23,14.68000030517578,14.68000030517578,13.635000228881836,13.779999732971191,113200,0,0,-0.05938565926368,0.5613034688884618,14.68633337020874,15.861730336422674,13.510936403994805,14.897500038146973,14.71500015258789,14.598749876022339,16.575000286102295,9.5
2019-07-24,13.739999771118164,13.93000030517578,13.380000114440918,13.670000076293944,125600,0,0,-0.007982558694399233,0.5568228310026898,14.65800002415975,15.887444766474124,13.428555281845375,14.684999942779541,14.71500015258789,14.584999799728394,16.575000286102295,9.1899995803833
2019-07-25,13.670000076293944,13.729999542236328,13.300000190734863,13.699999809265137,216500,0,0,0.0021945671399972166,0.5580448160904086,14.639000002543131,15.90854034104476,13.369459664041502,14.644999980926514,14.71500015258789,14.584999799728394,16.575000286102295,9.279999732971191
2019-07-26,13.710000038146973,14.5,13.260000228881836,14.3100004196167,188800,0,0,0.04452559261636102,0.5828920922333222,14.64833335876465,15.903958603361758,13.39270811416754,14.625,14.710000038146973,14.584999799728394,16.575000286102295,8.789999961853027
2019-07-29,14.510000228881836,14.604999542236328,13.920000076293944,14.59000015258789,109500,0,0,0.01956671731381343,0.5942973770265089,14.67300001780192,15.893737637705526,13.452262397898314,14.625,14.710000038146973,14.669999837875366,16.55999994277954,8.84000015258789
2019-07-30,14.489999771118164,14.8100004196167,14.109999656677246,14.31999969482422,199100,0,0,-0.018505857089780697,0.5832993946984247,14.67066666285197,15.893808630330291,13.447524695373648,14.625,14.710000038146973,14.649999856948853,16.445000171661377,9.520000457763672
2019-07-31,14.350000381469728,14.350000381469728,13.199999809265137,13.300000190734863,160000,0,0,-0.07122901716667096,0.5417515521001418,14.639666684468587,15.94940190396227,13.329931464974903,14.59499979019165,14.679999828338623,14.62375020980835,16.209999561309814,9.40999984741211
2019-08-01,13.289999961853027,13.56999969482422,12.6899995803833,12.899999618530272,200900,0,0,-0.030075230561518507,0.5254582492636696,14.61000000635783,16.030276213939636,13.189723798776024,14.339999675750732,14.424999713897705,14.728750228881836,16.169999599456787,9.489999771118164
2019-08-02,12.859999656677246,12.880000114440918,11.609999656677246,11.970000267028809,260200,0,0,-0.07209297511649226,0.48757640077474823,14.530666669209797,16.235504855077156,12.825828483342438,13.210000038146973,13.884999752044678,14.908750295639038,16.062499523162842,8.75
2019-08-05,11.720000267028809,11.970000267028809,11.039999961853027,11.18000030517578,422200,0,0,-0.06599832449704057,0.4553971752593173,14.446666685740151,16.51409312944146,12.379240242038845,12.925000190734863,13.599999904632568,14.908750295639038,16.062499523162842,9.789999961853027
2019-08-06,11.109999656677246,11.81999969482422,10.470000267028809,11.609999656677246,246600,0,0,0.03846147940643596,0.47291242433730263,14.376666673024493,16.667698438066015,12.085634907982971,12.640000343322754,13.315000057220459,14.908750295639038,16.062499523162842,9.359999656677246
2019-08-07,11.4399995803833,12.029999732971191,11.399999618530272,11.630000114440918,136700,0,0,0.0017226923647812864,0.4737271069599187,14.277666664123533,16.768176402896582,11.787156925350484,12.640000343322754,13.315000057220459,14.908750295639038,16.014999866485596,9.529999732971191
2019-08-08,11.760000228881836,12.229999542236328,11.630000114440918,12.0,214500,0,0,0.03181426327757775,0.4887983858624668,14.19866666793823,16.818576048636935,11.578757287239526,12.640000343322754,13.315000057220459,14.908750295639038,15.874999523162844,10.270000457763672
2019-08-09,11.970000267028809,12.199999809265137,11.4399995803833,11.760000228881836,148300,0,0,-0.019999980926513672,0.4790224274683068,14.092000007629393,16.836035666505882,11.347964348752903,12.640000343322754,13.315000057220459,14.838750123977661,15.874999523162844,9.949999809265137
2019-08-12,11.65999984741211,11.960000038146973,11.170000076293944,11.210000038146973,185800,0,0,-0.04676872279169664,0.456619160347036,13.94133335749308,16.802168176335776,11.080498538650383,12.410000324249268,13.315000057220459,14.712499856948853,15.874999523162844,10.199999809265137
2019-08-13,10.949999809265137,11.699999809265137,10.729999542236328,11.039999961853027,271300,0,0,-0.01516503797640012,0.44969451343962125,13.808000024159748,16.819464014615694,10.7965360337038,12.019999980926514,13.315000057220459,14.701250076293945,15.874999523162844,10.369999885559082
2019-08-14,10.90999984741211,11.20300006866455,10.25,10.40999984741211,144400,0,0,-0.05706522795450941,0.42403259352029704,13.653666687011716,16.86345385958765,10.443879514435784,11.565000057220459,13.204999923706055,14.867500066757202,15.874999523162844,10.31999969482422
2019-08-15,10.380000114440918,10.609999656677246,9.960000038146973,9.989999771118164,373100,0,0,-0.040345829245939546,0.40692464690741426,13.471000003814696,16.86381080770055,10.078189199928843,11.09499979019165,13.059999942779541,14.837500095367432,15.874999523162844,9.920000076293944
2019-08-16,10.109999656677246,10.869999885559082,10.053000450134276,10.600000381469728,298900,0,0,0.06106112355629101,0.43177192305032797,13.317000007629392,16.7960210129175,9.837979002341285,11.09499979019165,12.974999904632568,14.964999914169312,15.874999523162844,9.100000381469728
2019-08-19,10.729999542236328,11.300000190734863,10.729999542236328,11.020000457763672,313700,0,0,0.039622647281047474,0.4488798696632107,13.196333344777424,16.733675883045656,9.658990806509191,11.09499979019165,12.974999904632568,14.964999914169312,15.749999523162844,8.8100004196167
2019-08-20,10.979999542236328,11.154999732971191,10.25,10.550000190734863,152000,0,0,-0.04264975022734141,0.4297352553399932,13.043666680653889,16.628711793399017,9.45862156790876,11.09499979019165,12.974999904632568,14.964999914169312,15.369999408721924,8.430000305175781
2019-08-21,10.65999984741211,10.829999923706056,10.34000015258789,10.399999618530272,117300,0,0,-0.014218063459024766,0.42362525220898894,12.875333340962726,16.466810428519203,9.283856253406247,11.079999923706055,12.974999904632568,15.005000114440918,15.139999866485596,7.96999979019165
2019-08-22,10.43000030517578,10.460000038146973,9.979999542236328,10.18000030517578,110300,0,0,-0.021153780906155717,0.414663976437445,12.689666684468586,16.243452194096864,9.135881174840307,10.960000038146973,12.974999904632568,15.005000114440918,15.139999866485596,7.849999904632568
2019-08-23,10.130000114440918,10.329999923706056,9.550000190734863,9.600000381469728,137800,0,0,-0.05697445052247829,0.3910387242284557,12.496333376566566,16.070168710845444,8.922498042287689,10.625,12.769999980926514,15.005000114440918,15.139999866485596,7.510000228881836
2019-08-26,9.609999656677246,9.93000030517578,9.279999732971191,9.800000190734863,114000,0,0,0.020833312637276835,0.399185356223589,12.330333391825356,15.926862826747627,8.733803956903085,10.289999961853027,12.634999752044678,15.009999990463257,15.139999866485596,7.800000190734863
2019-08-27,9.859999656677246,10.0,9.260000228881836,9.31999969482422,117700,0,0,-0.0489796414865834,0.37963340058906353,12.147333367665606,15.778843547152233,8.51582318817898,10.28000020980835,12.035000324249268,15.009999990463257,15.139999866485596,8.0600004196167
2019-08-28,9.260000228881836,9.729999542236328,9.210000038146973,9.5,268800,0,0,0.01931333809761182,0.38696538880778625,11.96666669845581,15.567800373373897,8.365533023537724,10.255000114440918,12.010000228881836,14.806250095367432,15.139999866485596,8.319999694824219
2019-08-29,9.539999961853027,9.765000343322754,9.18000030517578,9.1899995803833,298000,0,0,-0.032631623117547304,0.37433808008067543,11.775333340962728,15.336336466693549,8.214330215231907,10.240000247955322,11.99500036239624,14.700000047683716,15.139999866485596,8.359999656677246
2019-08-30,9.210000038146973,9.5,9.149999618530272,9.279999732971191,167200,0,0,0.009793270587302505,0.3780040741900368,11.582000001271565,15.033141066690082,8.130858935853048,10.152499675750732,11.980000019073486,14.680000066757202,15.139999866485596,8.399999618530273
2019-09-03,9.140000343322754,9.40999984741211,8.670000076293945,8.789999961853027,169300,0,0,-0.052801700993290845,0.3580448160904087,11.386666679382325,14.784385614555674,7.988947744208975,9.75,11.740000247955322,14.667500019073486,15.139999866485596,8.489999771118164
2019-09-04,8.930000305175781,9.15999984741211,8.680000305175781,8.84000015258789,170000,0,0,0.005688303862554589,0.36008148380074345,11.222000026702881,14.618627408082023,7.82537264532374,9.565000057220459,11.740000247955322,14.667500019073486,15.139999866485596,8.425000190734863
2019-09-05,8.949999809265137,9.630000114440918,8.869999885559082,9.520000457763672,310400,0,0,0.07692311011744857,0.38778007143040233,11.083666706085205,14.407958880329844,7.7593745318405665,9.5,11.510000228881836,14.667500019073486,15.139999866485596,8.539999961853027
2019-09-06,9.510000228881836,9.770000457763672,9.25,9.40999984741211,202400,0,0,-0.011554685405698262,0.38329939469842483,10.94066670735677,14.170828185406553,7.710505229306989,9.335000038146973,11.119999885559082,14.637499809265137,15.137500286102295,8.420000076293945
2019-09-09,9.470000267028809,10.029999732971191,9.420000076293944,9.489999771118164,259300,0,0,0.008501586078989876,0.3865580474964782,10.780000019073487,13.797662644066106,7.762337394080868,9.349999904632568,10.775000095367432,14.382499694824219,14.927500247955322,8.640000343322754
2019-09-10,9.029999732971191,9.43000030517578,8.539999961853027,8.75,620500,0,0,-0.07797679546529357,0.3564154896913821,10.585333347320557,13.338267856265205,7.8323988383759096,9.28499984741211,10.384999752044678,13.547499895095825,14.387500286102295,9.149999618530272
2019-09-11,8.770000457763672,9.93000030517578,8.770000457763672,9.789999961853027,337200,0,0,0.1188571384974888,0.398778014912281,10.434333356221517,12.826860865205504,8.04180584723753,9.28499984741211,10.384999752044678,13.262500047683716,14.102500438690186,9.25
2019-09-12,10.029999732971191,10.029999732971191,9.1850004196167,9.359999656677246,622700,0,0,-0.043922401108405285,0.38126272698809016,10.303000005086263,12.475716001680237,8.13028400849229,9.28499984741211,10.384999752044678,12.977500200271606,13.817500591278076,8.899999618530273
2019-09-13,9.449999809265137,10.380000114440918,9.199999809265137,9.529999732971191,377800,0,0,0.01816240197964869,0.3881873738955049,10.190666675567627,12.154407085868598,8.226926265266655,9.460000038146973,10.384999752044678,12.977500200271606,13.817500591278076,9.380000114440918
2019-09-16,9.420000076293944,10.359999656677246,9.34000015258789,10.270000457763672,258100,0,0,0.07764960603642845,0.4183299705468066,10.134000015258788,11.984661655503611,8.283338375013965,9.460000038146973,10.369999885559082,12.977500200271606,13.817500591278076,9.239999771118164
2019-09-17,10.210000038146973,10.43000030517578,9.80500030517578,9.949999809265137,257800,0,0,-0.031158776459121684,0.4052953205083877,10.092999998728434,11.903474101187548,8.28252589626932,9.485000133514404,10.25,12.977500200271606,13.677500247955322,9.15999984741211
2019-09-18,10.18000030517578,10.489999771118164,9.859999656677246,10.199999809265137,322200,0,0,0.02512562862234513,0.4154786202138558,10.046000003814697,11.768122286155137,8.323877721474258,9.514999866485596,10.119999885559082,12.862500190734863,13.424999713897705,9.3100004196167
2019-09-19,10.229999542236328,10.989999771118164,10.109999656677246,10.369999885559082,275500,0,0,0.016666674458123643,0.4224032671212705,10.003999996185303,11.628878098669945,8.379121893700662,9.764999866485596,9.920000076293945,12.667500019073486,13.315000057220459,9.460000038146973
2019-09-20,10.350000381469728,10.855999946594238,10.0,10.31999969482422,1292000,0,0,-0.004821619217613482,0.4203665994109359,9.947999986012777,11.401697161761463,8.49430281026409,9.764999866485596,9.920000076293945,12.384999990463257,13.204999923706055,9.100000381469728
2019-09-23,10.260000228881836,10.390000343322754,9.859999656677246,9.920000076293944,216300,0,0,-0.038759654104533414,0.4040733354206691,9.88666664759318,11.176414090803219,8.596919204383143,9.880000114440918,9.920000076293945,12.077499866485596,13.059999942779541,9.050000190734863
2019-09-24,9.949999809265137,10.020000457763672,8.970000267028809,9.100000381469728,246000,0,0,-0.08266125892315135,0.37067212481751977,9.816333325703939,11.038538747536492,8.594127903871385,9.980000019073486,9.920000076293945,12.03499984741211,13.059999942779541,9.489999771118164
2019-09-25,8.760000228881836,9.15999984741211,8.687000274658203,8.8100004196167,226000,0,0,-0.031868126340253156,0.35885949871302497,9.742000007629395,10.92843415041464,8.55556586484415,9.838500022888184,9.84749984741211,12.03499984741211,13.059999942779541,8.84000015258789
2019-09-26,8.850000381469727,8.885000228881836,8.180000305175781,8.430000305175781,263300,0,0,-0.04313281456772633,0.3433808784991688,9.676000022888184,10.92469081367502,8.427309232101347,9.585000038146973,9.585000038146973,12.03499984741211,13.059999942779541,9.859999656677246
2019-09-27,8.449999809265137,8.680000305175781,7.889999866485596,7.96999979019165,278600,0,0,-0.05456708165261914,0.32464358606415655,9.608666690190633,10.992029552166082,8.225303828215184,9.43999981880188,9.43999981880188,12.027499914169312,13.059999942779541,9.130000114440918
2019-09-30,7.989999771118164,7.989999771118164,7.389999866485596,7.849999904632568,242400,0,0,-0.015056447768889702,0.31975560686707655,9.517000007629395,10.986636403037583,8.047363612221208,9.18999981880188,9.18999981880188,11.96749997138977,13.059999942779541,10.3100004196167
2019-10-01,7.789999961853027,8.199999809265137,7.449999809265137,7.510000228881836,259300,0,0,-0.04331206113137487,0.3059063324753499,9.4,10.929631556752247,7.870368443247754,9.18999981880188,9.18999981880188,11.697499990463257,12.855000019073486,10.210000038146973
2019-10-02,7.159999847412109,7.840000152587891,7.159999847412109,7.800000190734863,195600,0,0,0.03861517350395682,0.3177189585798446,9.308333333333334,10.880055219318132,7.736611447348536,9.007999897003174,9.074999809265137,11.462499856948853,12.71999979019165,10.649999618530272
2019-10-03,7.78000020980835,8.09000015258789,7.46999979019165,8.0600004196167,168400,0,0,0.03333336186205149,0.3283095995966207,9.230333360036214,10.809793572311467,7.6508731477609615,8.775000095367432,9.074999809265137,11.157500267028809,12.710000038146973,11.050000190734863
2019-10-04,8.0600004196167,8.539999961853027,7.744999885559082,8.319999694824219,175800,0,0,0.032257972912101085,0.33890020176719127,9.168333339691163,10.739869788995708,7.596796890386617,8.59000015258789,9.074999809265137,11.132500171661377,12.684999942779541,10.949999809265137
2019-10-07,8.270000457763672,8.720000267028809,8.170000076293945,8.359999656677246,222400,0,0,0.0048076878990646055,0.34052952816621795,9.126999982198079,10.715964801713593,7.538035162682565,8.15999984741211,9.074999809265137,11.117500305175781,12.670000076293945,10.0600004196167
2019-10-08,8.34000015258789,8.720000267028809,7.769999980926514,8.399999618530273,500500,0,0,0.00478468462867454,0.34215885456524464,9.080333296457926,10.669726022677361,7.490940570238491,8.022500038146973,9.074999809265137,11.06624984741211,12.654999732971191,9.84000015258789
2019-10-09,8.479999542236328,8.760000228881836,8.210000038146973,8.489999771118164,213900,0,0,0.01071430436608023,0.34582484867460606,9.052666632334391,10.653192449292787,7.452140815375997,7.960000038146973,9.074999809265137,10.745000123977661,12.414999961853027,7.880000114440918
2019-10-10,8.489999771118164,8.899999618530273,8.260000228881836,8.425000190734863,267600,0,0,-0.007656016741534044,0.3431772078435148,9.016833305358887,10.623774576530987,7.409892034186786,8.029999732971191,9.074999809265137,10.65250015258789,12.414999961853027,7.360000133514404
2019-10-11,8.5,8.920000076293945,8.460000038146973,8.539999961853027,276100,0,0,0.013649824156043433,0.3478615163849407,8.995166651407878,10.60964546260928,7.380687840206476,8.039999961853027,9.074999809265137,10.505000114440918,12.414999961853027,7.599999904632568
2019-10-14,8.520000457763672,8.859999656677246,8.210000038146973,8.420000076293945,231200,0,0,-0.01405150891043383,0.3429735371878607,8.966499996185302,10.590184624537613,7.342815367832991,8.039999961853027,9.074999809265137,10.227499961853027,12.414999961853027,7.710000038146973
2019-10-15,8.449999809265137,8.84000015258789,8.329999923706055,8.640000343322754,197400,0,0,0.026128297510139786,0.3519348518056101,8.96150000890096,10.58822898846193,7.334771029339993,8.194999933242798,9.074999809265137,10.0625,12.414999961853027,7.945000171661377
2019-10-16,8.630000114440918,9.239999771118164,8.619999885559082,9.149999618530272,188500,0,0,0.05902769154420917,0.37270875368164863,8.971833324432373,10.599277393424098,7.344389255440648,8.492499828338623,9.074999809265137,9.834999799728394,12.349999904632568,7.809999942779541
2019-10-17,9.210000038146973,9.609999656677246,8.994999885559082,9.25,393200,0,0,0.010929003894952105,0.3767820891023181,8.962833309173584,10.581072191107967,7.3445944272392,8.68999981880188,9.074999809265137,9.834999799728394,12.349999904632568,8.359999656677246
2019-10-18,9.170000076293944,9.359999656677246,8.739999771118164,8.899999618530273,336000,0,0,-0.03783787907780822,0.36252545397618063,8.945833301544189,10.555672843633555,7.335993759454823,8.68999981880188,9.074999809265137,9.834999799728394,12.349999904632568,8.130000114440918
2019-10-21,9.039999961853027,9.75,9.039999961853027,9.380000114440918,208200,0,0,0.053932642301608436,0.3820774096107062,8.942166646321615,10.547555726634611,7.336777566008619,8.980000019073486,9.074999809265137,9.922499895095825,12.349999904632568,7.619999885559082
2019-10-22,9.4399995803833,9.699999809265137,9.18000030517578,9.239999771118164,268700,0,0,-0.014925409553803393,0.3763747477910101,8.958499972025553,10.56569401536422,7.351305928686886,8.980000019073486,9.074999809265137,9.914999961853027,12.349999904632568,7.460000038146973
2019-10-23,9.140000343322754,9.324999809265137,8.9399995803833,9.15999984741211,126200,0,0,-0.00865800061555344,0.3731160949929568,8.937499968210856,10.517091891908969,7.357908044512745,8.980000019073486,9.074999809265137,9.867500066757202,12.349999904632568,7.699999809265137
2019-10-24,9.199999809265137,9.520000457763672,9.085000038146973,9.3100004196167,154900,0,0,0.016375608592064328,0.3792260981239609,8.935833326975505,10.513754124959455,7.357912528991556,8.980000019073486,9.074999809265137,9.817499876022339,12.349999904632568,7.230000019073486
2019-10-25,9.279999732971191,9.869999885559082,9.170000076293944,9.460000038146973,131000,0,0,0.016111666140660397,0.3853360624087595,8.933500003814697,10.508124512493485,7.3588754951359086,9.099999904632568,9.007999897003174,9.84249997138977,12.349999904632568,8.270000457763672
2019-10-28,9.470000267028809,9.765000343322754,9.010000228881836,9.100000381469728,336300,0,0,-0.038054931842025796,0.37067212481751954,8.894500001271565,10.391313162295983,7.397686840247147,9.244999885559082,8.775000095367432,9.84249997138977,12.349999904632568,9.350000381469728
2019-10-29,9.09000015258789,9.369999885559082,8.960000038146973,9.050000190734863,291200,0,0,-0.005494526224051555,0.36863545710718476,8.864500013987223,10.311045939964073,7.417954088010375,9.304999828338623,8.59000015258789,9.900000095367432,12.349999904632568,10.34000015258789
2019-10-30,9.06999969482422,9.539999961853027,8.84000015258789,9.489999771118164,202700,0,0,0.04861873713922793,0.3865580474964781,8.84083334604899,10.221351858183322,7.460314833914659,9.304999828338623,8.514999866485596,9.950000047683716,12.264999866485596,10.619999885559082
2019-10-31,9.40999984741211,9.479999542236328,8.739999771118164,8.84000015258789,671800,0,0,-0.06849311213984222,0.3600814838007434,8.789833354949952,10.049093478412015,7.53057323148789,9.304999828338623,8.514999866485596,9.842999935150146,12.264999866485596,10.65999984741211
2019-11-01,8.920000076293945,10.0600004196167,8.920000076293945,9.859999656677246,366400,0,0,0.11538455729446495,0.4016293263990262,8.774500020345052,9.968798368732456,7.5802016719576475,9.400000095367432,8.610000133514404,9.585000038146973,12.085000038146973,12.020000457763672
2019-11-04,10.289999961853027,10.449999809265137,8.960000038146973,9.130000114440918,488400,0,0,-0.07403646730778213,0.37189410990523813,8.748166688283284,9.873561004264614,7.622772372301953,9.59499979019165,8.804999828338623,9.43999981880188,11.93999981880188,12.84000015258789
2019-11-05,9.079999923706056,10.4399995803833,9.0600004196167,10.3100004196167,236700,0,0,0.1292442815317576,0.4199592969458331,8.788500022888183,10.040212576532285,7.53678746924408,9.59499979019165,8.804999828338623,9.18999981880188,11.68999981880188,12.949999809265137
2019-11-06,10.270000457763672,10.789999961853027,9.869999885559082,10.210000038146973,159900,0,0,-0.009699357652736551,0.41588596152516366,8.835166676839192,10.186367435501968,7.483965918176415,9.764999866485596,8.974999904632568,9.18999981880188,11.68999981880188,13.109999656677246
2019-11-07,10.3100004196167,10.989999771118164,10.0649995803833,10.649999618530272,125500,0,0,0.04309496363754728,0.433808551914457,8.90916665395101,10.398642291282268,7.41969101661975,9.864999771118164,9.229999780654907,9.041499853134155,11.574999809265137,13.710000038146973
2019-11-08,10.609999656677246,11.170000076293944,10.529999732971191,11.050000190734863,177000,0,0,0.0375587405194473,0.4501018547509293,9.011833333969117,10.64490852526344,7.3787581426747915,9.954999923706055,9.457499980926514,8.924999952316284,10.985000133514404,13.59000015258789
2019-11-11,10.880000114440918,11.199999809265137,10.380000114440918,10.949999809265137,179100,0,0,-0.00904980812159395,0.44602851933025983,9.115166664123535,10.830772812973475,7.399560515273595,9.96999979019165,9.484999895095825,8.832499980926514,10.985000133514404,14.119999885559082
2019-11-12,10.949999809265137,11.1899995803833,10.0,10.0600004196167,220200,0,0,-0.08127848448868291,0.4097759972403651,9.200166670481364,10.840756241918516,7.559577099044213,9.96999979019165,9.484999895095825,8.617499828338623,10.985000133514404,11.779999732971191
2019-11-13,9.949999809265137,10.0600004196167,9.539999961853027,9.84000015258789,169700,0,0,-0.02186881290778231,0.40081468262261566,9.268166669209798,10.839054373415095,7.697278965004499,10.059999942779541,9.704999923706055,8.548749923706055,10.985000133514404,11.31999969482422
2019-11-14,9.869999885559082,10.720000267028809,7.639999866485596,7.880000114440918,1063700,0,0,-0.19918699265787088,0.3209776113778979,9.262166659037272,10.852592152717348,7.671741165357195,9.419999837875366,9.419999837875366,8.517499923706055,10.985000133514404,12.479999542236328
2019-11-15,7.889999866485596,8.470000267028809,6.960000038146973,7.360000133514404,798800,0,0,-0.06598984433687505,0.29979634876744843,9.230166673660278,10.92931296551577,7.531020381804786,9.079999923706055,9.079999923706055,8.552499771118164,10.985000133514404,12.949999809265137
2019-11-18,7.380000114440918,7.78000020980835,7.230000019073486,7.599999904632568,366500,0,0,0.03260866396255957,0.30957230716160844,9.204833348592123,10.9757856941891,7.433881002995148,9.079999923706055,9.079999923706055,8.557499885559082,10.755000114440918,11.8100004196167
2019-11-19,7.679999828338623,7.940000057220459,7.150000095367432,7.710000038146973,523600,0,0,0.01447370195983222,0.3140529644704832,9.181833362579345,11.010594587344363,7.353072137814328,9.079999923706055,9.079999923706055,8.557499885559082,10.364999771118164,11.539999961853027
2019-11-20,7.769999980926514,8.100000381469727,7.730000019073486,7.945000171661377,385800,0,0,0.030479913404888093,0.3236252716320919,9.163666709264119,11.02975813055084,7.297575287977397,9.079999923706055,9.079999923706055,8.634999871253967,10.019999980926514,9.970000267028809
2019-11-21,7.840000152587891,7.920000076293945,7.699999809265137,7.809999942779541,174400,0,0,-0.01699184719509028,0.31812628046804986,9.143166700998941,11.053948277043837,7.232385124954046,9.079999923706055,9.079999923706055,8.78374981880188,9.694999694824219,9.5
2019-11-22,7.920000076293945,8.489999771118164,7.860000133514404,8.359999656677246,995300,0,0,0.07042249909440623,0.3405295281662179,9.137166690826415,11.056541468408291,7.21779191324454,9.074999809265137,9.079999923706055,8.882499814033508,9.694999694824219,8.880000114440918
2019-11-25,8.4399995803833,8.890000343322754,7.945000171661377,8.130000114440918,302600,0,0,-0.0275119080959082,0.3311609110833659,9.127500025431315,11.063958173028947,7.191041877833683,8.84000015258789,9.079999923706055,8.882499814033508,9.694999694824219,8.734999656677246
2019-11-26,8.140000343322754,8.300000190734863,7.269999980926514,7.619999885559082,509800,0,0,-0.06273065457600024,0.3103869703611218,9.093500010172527,11.097205907853809,7.089794112491244,8.84000015258789,9.079999923706055,9.027499914169312,9.694999694824219,8.760000228881836
2019-11-27,7.71999979019165,7.889999866485596,7.440000057220459,7.460000038146973,296200,0,0,-0.020997355618775027,0.30386966476501515,9.037166690826416,11.124095738832064,6.950237642820766,7.925000190734863,9.079999923706055,9.027499914169312,9.679999828338623,8.8100004196167
2019-11-29,7.429999828338623,7.880000114440918,7.300000190734863,7.699999809265137,183700,0,0,0.032171550923715486,0.31364562315917516,8.98550001780192,11.124546591393122,6.846453444210718,8.020000219345093,9.079999923706055,9.027499914169312,9.559999942779541,9.270000457763672
2019-12-02,7.75,7.880000114440918,7.190000057220459,7.230000019073486,453000,0,0,-0.061038935303104336,0.29450102825906044,8.929833364486694,11.159290101918447,6.70037662705494,8.020000219345093,9.079999923706055,9.027499914169312,9.429999828338623,9.619999885559082
2019-12-03,7.210000038146973,8.350000381469727,7.210000038146973,8.270000457763672,357400,0,0,0.14384515020007704,0.3368635729030621,8.892833375930786,11.127976831028281,6.657689920833292,8.040000200271606,9.079999923706055,9.053999900817871,9.230000019073486,9.34000015258789
2019-12-04,8.300000190734863,9.399999618530272,8.270000457763672,9.350000381469728,354200,0,0,0.13059248656899158,0.38085542452298776,8.896500062942504,11.134251906566607,6.658748219318401,8.294999837875366,9.079999923706055,9.009999990463257,9.230000019073486,8.819999694824219
2019-12-05,9.510000228881836,10.359999656677246,9.199999809265137,10.34000015258789,603000,0,0,0.10588232414195309,0.42118128203355193,8.935833406448364,11.231091991449837,6.640574821446891,8.774999856948853,9.079999923706055,8.947499990463257,9.230000019073486,8.970000267028809
2019-12-06,10.1899995803833,10.779999732971191,9.491000175476074,10.619999885559082,474000,0,0,0.02707927745060168,0.43258656682673857,8.97950005531311,11.34969534688952,6.6093047637367,8.984999895095825,9.079999923706055,8.90999984741211,9.230000019073486,9.390000343322754
2019-12-09,10.529999732971191,11.119999885559082,10.449999809265137,10.65999984741211,543100,0,0,0.0037664747913432883,0.4342158932257652,9.019500048955281,11.45978397565084,6.579216122259722,9.15499997138977,9.079999923706055,8.90999984741211,9.15749979019165,9.84000015258789
2019-12-10,10.65999984741211,12.239999771118164,10.460000038146973,12.020000457763672,457000,0,0,0.1275797964182641,0.489613068485083,9.116833384831747,11.783122230814602,6.450544538848891,9.714999914169312,9.599999904632568,9.005000114440918,9.074999809265137,8.920000076293945
2019-12-11,12.260000228881836,13.170000076293944,12.02299976348877,12.84000015258789,515100,0,0,0.06821960595638621,0.5230142790882325,9.243166716893514,12.22332759554349,6.263005838243538,10.180000066757202,10.065000057220459,9.199999809265137,9.074999809265137,8.5
2019-12-12,12.529999732971191,13.399999618530272,12.199999809265137,12.949999809265137,484300,0,0,0.008566951352806385,0.5274949169740045,9.358500051498414,12.620497967218046,6.096502135778781,10.294999837875366,10.179999828338623,9.199999809265137,9.074999809265137,8.550000190734863
2019-12-13,12.960000038146973,13.539999961853027,12.843000411987305,13.109999656677246,654200,0,0,0.012355200754337936,0.5340122225701112,9.500833368301391,13.020612112631861,5.9810546239709215,10.375,10.25,9.369999885559082,9.074999809265137,8.460000038146973
2019-12-16,13.09000015258789,13.920000076293944,13.050000190734863,13.710000038146973,537400,0,0,0.04576662068516013,0.5584521574017167,9.629166714350383,13.457125299832228,5.801208128868538,11.095000267028809,10.440000057220459,9.547499775886536,9.074999809265137,8.050000190734863
2019-12-17,13.6899995803833,13.90999984741211,13.300000190734863,13.59000015258789,471400,0,0,-0.008752726858146764,0.5535641782046367,9.777833382288614,13.853446935445666,5.702219829131563,11.559999942779541,10.440000057220459,9.706249952316284,9.164999961853027,7.96999979019165
2019-12-18,13.6899995803833,14.380000114440918,13.5600004196167,14.119999885559082,477600,0,0,0.03899924407802646,0.5751527627032914,9.904833364486695,14.264493538304583,5.545173190668807,11.935500144958496,10.670000076293945,9.727499842643738,9.179999828338623,8.069999694824219
2019-12-19,14.140000343322754,14.4399995803833,11.40999984741211,11.779999732971191,461600,0,0,-0.16572239175306747,0.4798370712447175,9.957166687647502,14.367292559063923,5.547040816231083,12.444999694824219,10.699999809265137,9.727499842643738,9.179999828338623,8.050000190734863
2019-12-20,11.800000190734863,11.970999717712402,11.149999618530272,11.31999969482422,657500,0,0,-0.039049240116659,0.4610997982328081,9.979500023523967,14.41003916055347,5.548960886494463,12.449999809265137,10.699999809265137,9.882499933242798,9.179999828338623,7.699999809265137
2019-12-23,11.050000190734863,12.989999771118164,11.039999961853027,12.479999542236328,292000,0,0,0.10247348751630159,0.508350302650787,10.027166668574015,14.53239739595124,5.52193594119679,12.739999771118164,10.699999809265137,9.419999837875366,9.179999828338623,7.800000190734863
2019-12-24,12.550000190734863,13.31999969482422,12.520000457763672,12.949999809265137,102300,0,0,0.03766027918816639,0.5274949169740045,10.093833335240681,14.708841920953905,5.478824749527457,12.739999771118164,10.794999837875366,9.079999923706055,9.079999923706055,7.864999771118164
2019-12-26,12.829999923706056,13.220000267028809,11.619999885559082,11.8100004196167,388100,0,0,-0.08803084219606083,0.4810590951786417,10.152166668574015,14.807784913219308,5.496548423928723,12.739999771118164,10.794999837875366,9.079999923706055,9.079999923706055,8.390000343322754
2019-12-27,11.789999961853027,12.329999923706056,11.350000381469728,11.539999961853027,455200,0,0,-0.022862019320100457,0.47006111285055757,10.208833328882854,14.889031746625161,5.528634911140546,12.739999771118164,10.81499981880188,9.079999923706055,9.079999923706055,8.220000267028809
2019-12-30,11.529999732971191,11.65999984741211,9.710000038146973,9.970000267028809,460300,0,0,-0.1360485008677692,0.4061100031310039,10.278500000635782,14.88003070382161,5.676969297449953,12.074999809265137,10.81499981880188,9.079999923706055,9.079999923706055,8.229999542236328
2019-12-31,10.010000228881836,10.06999969482422,9.399999618530272,9.5,698000,0,0,-0.0471414497934487,0.3869653888077864,10.349833329518637,14.833785188136718,5.865881470900556,11.919999599456787,10.81499981880188,9.079999923706055,9.079999923706055,8.210000038146973
2020-01-02,9.510000228881836,9.550000190734863,8.800000190734863,8.880000114440918,684400,0,0,-0.06526314584832438,0.3617108101997703,10.392500003178915,14.795124418169014,5.9898755881888155,11.619999885559082,10.81499981880188,9.077499866485596,9.079999923706055,8.229999542236328
2020-01-03,8.800000190734863,9.0,8.529999732971191,8.734999656677246,458800,0,0,-0.016328880168353543,0.3558044777244202,10.426666657129923,14.76131480355033,6.092018510709514,10.924999713897705,10.81499981880188,8.960000038146973,9.079999923706055,8.34000015258789
2020-01-06,8.699999809265137,8.84000015258789,8.34000015258789,8.760000228881836,371200,0,0,0.002862114846848174,0.3568228310026903,10.453833325703938,14.736166611637687,6.171500039770189,10.829999923706055,10.81499981880188,8.960000038146973,9.079999923706055,9.020000457763672
2020-01-07,8.699999809265137,8.90999984741211,8.449999809265137,8.8100004196167,709600,0,0,0.005707784181330444,0.358859498713025,10.487166674931844,14.702137581924841,6.272195767938847,10.829999923706055,10.81499981880188,8.502500057220459,9.079999923706055,8.619999885559082
2020-01-08,8.819999694824219,9.289999961853027,8.720000267028809,9.270000457763672,706700,0,0,0.05221339571366168,0.37759677172493444,10.517500034968059,14.683934274119412,6.351065795816705,10.78000020980835,10.81499981880188,8.550000071525574,9.079999923706055,8.619999885559082
2020-01-09,9.390000343322754,9.75,9.15999984741211,9.619999885559082,392500,0,0,0.03775613921381038,0.3918533680048664,10.56716669400533,14.653850189322831,6.480483198687829,10.335000038146973,10.824999809265137,8.550000071525574,9.079999923706055,8.520000457763672
2020-01-10,9.68000030517578,9.739999771118164,9.270000457763672,9.34000015258789,259900,0,0,-0.029106001694605976,0.3804480832116797,10.624500036239624,14.59146498258514,6.6575350898941075,10.0,11.355000019073486,8.56000006198883,9.079999923706055,8.460000038146973
2020-01-13,9.050000190734863,9.09000015258789,8.489999771118164,8.819999694824219,602900,0,0,-0.0556745663028273,0.3592668011781275,10.669833358128866,14.52125385286355,6.818412863394181,9.204999923706055,11.389999866485596,8.68749988079071,9.079999923706055,8.460000038146973
2020-01-14,8.770000457763672,9.359999656677246,8.510000228881836,8.970000267028809,744300,0,0,0.017006868185337254,0.36537680430913166,10.712166706720987,14.45926070891089,6.965072704531085,9.045000076293945,11.389999866485596,8.927499890327454,9.079999923706055,8.680000305175781
2020-01-15,9.079999923706056,9.8100004196167,9.079999923706056,9.390000343322754,433100,0,0,0.0468227495865019,0.38248475092201445,10.784166717529297,14.340208563733656,7.228124871324939,9.075000286102295,11.389999866485596,9.03249990940094,9.079999923706055,8.5
2020-01-16,9.470000267028809,9.93000030517578,9.420000076293944,9.84000015258789,501100,0,0,0.04792330061895389,0.4008146826226158,10.836500040690105,14.28835439489615,7.38464568648406,9.135000228881836,11.389999866485596,9.117499947547913,9.079999923706055,8.239999771118164
2020-01-17,9.899999618530272,10.05500030517578,8.8100004196167,8.920000076293945,544700,0,0,-0.09349594126296712,0.36334013659879694,10.822166697184246,14.301868215962054,7.342465178406437,9.252500057220459,11.389999866485596,9.65749990940094,9.599999904632568,8.109999656677246
2020-01-21,8.90999984741211,8.9399995803833,8.420000076293945,8.5,356400,0,0,-0.04708520994412879,0.34623218998591415,10.760833358764648,14.3353136646155,7.1863530529137964,9.237500190734863,11.389999866485596,10.12250006198883,10.065000057220459,8.0600004196167
2020-01-22,8.420000076293945,8.779999732971191,8.350000381469727,8.550000190734863,253100,0,0,0.005882375380572125,0.3482688576962489,10.691833368937175,14.352822459169005,7.030844278705344,9.202500343322754,11.389999866485596,10.237499833106995,10.179999828338623,8.369999885559082
2020-01-23,8.40999984741211,8.65999984741211,8.0600004196167,8.460000038146973,218300,0,0,-0.01052633340118736,0.34460286358688746,10.61850004196167,14.365655461634228,6.871344622289113,9.05750036239624,11.25,10.3125,10.25,7.820000171661377
2020-01-24,8.5,8.630000114440918,7.940000057220459,8.050000190734863,313300,0,0,-0.0484633387190756,0.3279022582853127,10.486166699727375,14.305238122135306,6.667095277319445,8.99750018119812,11.18999981880188,10.767500162124634,10.440000057220459,8.029999732971191
2020-01-27,7.860000133514404,8.119999885559082,7.650000095367432,7.96999979019165,300600,0,0,-0.009937937720211343,0.3246435860641566,10.323833354314168,14.14290478611938,6.504761922508955,8.852500200271606,11.044999837875366,11.0,10.440000057220459,8.1899995803833
2020-01-28,8.029999732971191,8.229999542236328,7.784999847412109,8.069999694824219,166000,0,0,0.012547039807408122,0.3287169020617233,10.161166683832805,13.934687183735855,6.387646183929755,8.852500200271606,11.044999837875366,11.30275011062622,10.670000076293945,7.989999771118164
2020-01-29,8.100000381469727,8.239999771118164,7.940000057220459,8.050000190734863,168500,0,0,-0.00247825338855745,0.3279022582853128,9.992500034968058,13.675558413178699,6.309441656757417,8.852500200271606,10.484999895095825,11.572499752044678,10.699999809265137,7.789999961853027
2020-01-30,7.949999809265137,8.050000190734863,7.510000228881836,7.699999809265137,210000,0,0,-0.04347830722694379,0.31364562315917527,9.79216669400533,13.295155235970146,6.289178152040513,8.782500267028809,10.414999961853027,11.574999809265137,10.699999809265137,7.090000152587891
2020-01-31,7.28000020980835,7.840000152587891,7.260000228881836,7.800000190734863,416100,0,0,0.01298706285023532,0.3177189585798447,9.599166695276896,12.876049444864737,6.322283945689055,8.099999904632568,10.289999961853027,11.71999979019165,10.699999809265137,7.130000114440918
2020-02-03,7.849999904632568,8.300000190734863,7.730000019073486,7.864999771118164,272900,0,0,0.008333279332545462,0.32036659941093604,9.390666691462199,12.264024582142655,6.517308800781743,8.019999980926514,10.240000247955322,11.767499804496765,10.699999809265137,6.550000190734863
2020-02-04,8.069999694824219,8.420000076293945,7.800000190734863,8.390000343322754,206100,0,0,0.06675150508363603,0.3417515521001423,9.277666711807251,12.031179476837387,6.5241539467771155,7.960000038146973,9.795000076293945,11.767499804496765,10.699999809265137,3.990000009536743
2020-02-05,8.5,8.710000038146973,8.109999656677246,8.220000267028809,271800,0,0,-0.020262225189208838,0.33482690519272756,9.174333397547404,11.845483218004718,6.503183577090089,7.985000133514404,9.460000038146973,11.777499794960022,10.699999809265137,3.819999933242798
2020-02-06,8.270000457763672,8.319999694824219,8.069999694824219,8.229999542236328,196500,0,0,0.0012164567983807828,0.3352342076578301,9.032666730880738,11.425545794506363,6.639787667255113,7.985000133514404,8.664999961853027,11.444999814033508,10.699999809265137,4.440000057220459
2020-02-07,8.229999542236328,8.25,7.949999809265137,8.210000038146973,254200,0,0,-0.002430073536057731,0.3344195638814195,8.874666738510133,10.793914422234646,6.955419054785619,7.985000133514404,8.657500267028809,11.367499709129333,10.699999809265137,3.75
2020-02-10,8.180000305175781,8.289999961853027,7.941999912261963,8.229999542236328,146900,0,0,0.0024359931786150923,0.3352342076578301,8.755333375930785,10.349258004968032,7.161408746893538,7.985000133514404,8.657500267028809,11.217499852180481,10.699999809265137,3.740000009536743
2020-02-11,8.279999732971191,8.460000038146973,8.140000343322754,8.34000015258789,157600,0,0,0.013365810020649516,0.3397148843898076,8.648666715621948,9.869739059229294,7.427594372014601,7.985000133514404,8.657500267028809,10.869999766349792,10.699999809265137,4.199999809265137
2020-02-12,8.489999771118164,9.079999923706056,8.25,9.020000457763672,267800,0,0,0.08153480728232099,0.36741347201946656,8.61700005531311,9.745724119719675,7.488275990906544,8.170000076293945,8.657500267028809,10.822499871253967,10.699999809265137,4.050000190734863
2020-02-13,9.039999961853027,9.09000015258789,8.550000190734863,8.619999885559082,219000,0,0,-0.04434595919119966,0.3511201691829943,8.58766671816508,9.668090318836796,7.5072431174933625,8.410000085830688,8.657500267028809,10.822499871253967,10.699999809265137,4.019999980926514
2020-02-14,8.550000190734863,8.729999542236328,8.319999694824219,8.619999885559082,200600,0,0,0.0,0.3511201691829943,8.57900004386902,9.654097484284696,7.5039026034533425,8.445000171661377,8.657500267028809,10.797500014305115,10.699999809265137,4.369999885559082
2020-02-18,8.569999694824219,8.75,8.350000381469727,8.520000457763672,211700,0,0,-0.011600861847218535,0.3470468726085304,8.571833403905233,9.645550202958338,7.498116604852127,8.516000032424927,8.657500267028809,10.579999923706055,10.699999809265137,4.289999961853027
2020-02-19,8.630000114440918,8.75,8.40999984741211,8.460000038146973,132700,0,0,-0.007042302393543309,0.34460286358688763,8.561833397547405,9.633951306606473,7.4897154884883355,8.516000032424927,8.657500267028809,10.677500009536743,10.699999809265137,4.28000020980835
2020-02-20,8.420000076293945,8.59000015258789,8.279999732971191,8.460000038146973,146100,0,0,0.0,0.34460286358688763,8.55016671816508,9.618862770973813,7.4814706653563485,8.516000032424927,8.657500267028809,10.297499895095825,10.699999809265137,4.289999961853027
2020-02-21,8.460000038146973,8.789999961853027,8.260000228881836,8.680000305175781,167600,0,0,0.026004759578818648,0.3535641782046371,8.53050004641215,9.566920312617077,7.494079780207224,8.516000032424927,8.657500267028809,10.21749997138977,10.699999809265137,4.489999771118164
2020-02-24,8.3100004196167,8.640000343322754,8.100000381469727,8.5,260000,0,0,-0.020737361618345718,0.3462321899859143,8.493166716893514,9.447896655936644,7.538436777850384,8.595000267028809,8.657500267028809,10.232500076293945,10.699999809265137,4.449999809265137
2020-02-25,8.5600004196167,8.770000457763672,8.109999656677246,8.239999771118164,252800,0,0,-0.030588262221392437,0.3356415489691382,8.456500037511189,9.361850623470753,7.551149451551624,8.595000267028809,8.657500267028809,10.262500047683716,10.699999809265137,4.010000228881836
2020-02-26,8.079999923706055,8.489999771118164,7.820000171661377,8.109999656677246,245700,0,0,-0.015776713355815652,0.3303462284607502,8.432833369572958,9.336069180767256,7.529597558378659,8.455000162124634,8.175000190734863,10.321249961853027,10.699999809265137,4.25
2020-02-27,7.949999809265137,8.520000457763672,7.53000020980835,8.0600004196167,236000,0,0,-0.006165134300515129,0.328309599596621,8.402500041325887,9.292650829371308,7.512349253280465,8.160000085830688,8.175000190734863,10.31375002861023,10.699999809265137,4.349999904632568
2020-02-28,7.809999942779541,8.40999984741211,7.809999942779541,8.369999885559082,298400,0,0,0.03846147019892143,0.34093686947752627,8.368500026067098,9.18012574068612,7.556874311448074,8.160000085830688,8.175000190734863,10.296250104904175,10.699999809265137,4.409999847412109
2020-03-02,8.4399995803833,8.4399995803833,7.670000076293945,7.820000171661377,283600,0,0,-0.06571083887905782,0.3185336217793582,8.301166693369547,8.928650236960259,7.673683149778835,8.160000085830688,8.175000190734863,10.15375018119812,10.699999809265137,4.320000171661377
2020-03-03,7.880000114440918,8.1899995803833,7.670000076293945,8.029999732971191,217900,0,0,0.026854163260868535,0.3270875756626968,8.27150001525879,8.862472939024396,7.6805270914931825,8.160000085830688,8.175000190734863,10.09375,10.699999809265137,4.539999961853027
2020-03-04,8.09000015258789,8.4399995803833,8.0,8.1899995803833,205800,0,0,0.019925261859617516,0.3336048812588035,8.261166667938232,8.846647711847925,7.675685624028539,8.160000085830688,8.175000190734863,9.948750019073486,10.699999809265137,4.78000020980835
2020-03-05,8.039999961853027,8.399999618530273,7.840000152587891,7.989999771118164,256400,0,0,-0.024420002382439243,0.3254582492636702,8.242499987284342,8.82567470454649,7.659325270022194,8.15000033378601,8.175000190734863,9.948750019073486,10.699999809265137,4.639999866485596
2020-03-06,7.760000228881836,8.15999984741211,7.579999923706055,7.789999961853027,248000,0,0,-0.025031265956738324,0.3173116172685368,8.220166651407878,8.819305877175648,7.621027425640108,8.15000033378601,8.175000190734863,9.668750047683716,10.699999809265137,4.59499979019165
2020-03-09,7.389999866485596,7.710000038146973,7.050000190734863,7.090000152587891,403700,0,0,-0.08985876928022807,0.2887983858624673,8.188166650136312,8.909458534863704,7.46687476540892,7.785000324249268,8.070000171661377,9.598750114440918,10.699999809265137,4.480000019073486
2020-03-10,7.260000228881836,7.340000152587891,6.599999904632568,7.130000114440918,492700,0,0,0.005641743440361946,0.290427712261494,8.16016666094462,8.972058830343457,7.3482744915457845,7.56000018119812,7.8450000286102295,9.194999933242798,10.699999809265137,4.75
2020-03-11,6.949999809265137,7.086999893188477,6.360000133514404,6.550000190734863,247800,0,0,-0.08134641155633893,0.2668024600525045,8.10950001080831,9.105157511325004,7.113842510291616,7.3999998569488525,7.7250001430511475,9.130000114440918,10.794999837875366,5.349999904632568
2020-03-12,6.010000228881836,6.277999877929688,3.400000095367432,3.990000009536743,3694900,0,0,-0.39083971093913916,0.16252546368773244,7.9741666714350385,9.753524656045151,6.194808686824926,5.919999837875366,6.245000123977661,8.877500057220459,10.794999837875366,5.360000133514404
2020-03-13,4.0,4.0,3.5,3.819999933242798,1165900,0,0,-0.04260653531017988,0.1556008167803177,7.844833342234294,10.163391762302101,5.526274922166486,5.919999837875366,6.245000123977661,8.722500085830688,10.81499981880188,5.559999942779541
2020-03-16,3.5299999713897705,4.650000095367432,3.4200000762939453,4.440000057220459,1832100,0,0,0.162303700212723,0.18085540509988524,7.732833337783814,10.35224057298205,5.113426102585578,5.919999837875366,6.245000123977661,8.325000047683716,10.81499981880188,5.460000038146973
2020-03-17,4.460000038146973,4.730000019073486,3.3499999046325684,3.75,2443600,0,0,-0.1554054162901103,0.15274949558202103,7.595666678746541,10.576532241243909,4.614801116249174,5.874999761581421,6.2200000286102295,8.321250200271606,10.81499981880188,5.519999980926514
2020-03-18,3.5999999046325684,4.0,3.390000104904175,3.740000009536743,684600,0,0,-0.002666664123535112,0.15234216398226436,7.440666667620341,10.708051651349418,4.173281683891263,5.754999876022339,6.2200000286102295,8.321250200271606,10.81499981880188,6.190000057220459
2020-03-19,3.670000076293945,4.400000095367432,3.619999885559082,4.199999809265137,668700,0,0,0.12299459854423156,0.17107942728262246,7.306666652361552,10.758502174281965,3.85483113044114,5.5299999713897705,6.2200000286102295,8.321250200271606,10.81499981880188,6.849999904632568
2020-03-20,4.260000228881836,4.400000095367432,4.010000228881836,4.050000190734863,502600,0,0,-0.035714196510051366,0.16496946299782383,7.167333340644836,10.790871764774222,3.54379491651545,5.3450000286102295,6.2200000286102295,8.413750171661377,10.81499981880188,6.230000019073486
2020-03-23,3.990000009536743,4.300000190734863,3.869999885559082,4.019999980926514,218500,0,0,-0.0074074588630836935,0.16374745848700245,7.027666672070821,10.798700227974182,3.25663311616746,5.2184998989105225,6.069999933242798,8.533750176429749,10.81499981880188,6.650000095367432
2020-03-24,4.130000114440918,4.489999771118164,4.079999923706055,4.369999885559082,368700,0,0,0.08706465330676494,0.1780040741900372,6.899000016848246,10.758929946850355,3.0390700868461376,4.813999891281128,6.069999933242798,8.551250219345093,10.81499981880188,6.050000190734863
2020-03-25,4.389999866485596,4.849999904632568,4.210000038146973,4.289999961853027,390100,0,0,-0.018306619176448713,0.17474542139198385,6.764000010490418,10.695063839975031,2.832936181005804,4.099999904632568,6.069999933242798,8.586750149726868,10.824999809265137,5.53000020980835
2020-03-26,4.389999866485596,4.559999942779541,4.079999923706055,4.28000020980835,285800,0,0,-0.002330944553285863,0.17433809950377857,6.60600000222524,10.542650307415412,2.669349697035068,4.099999904632568,6.069999933242798,8.586750149726868,10.849999904632568,5.610000133514404
2020-03-27,4.159999847412109,4.539999961853027,4.130000114440918,4.289999961853027,467500,0,0,0.002336390550113032,0.17474542139198387,6.461666671435038,10.409786709692522,2.5135466331775556,4.099999904632568,6.069999933242798,8.586750149726868,10.849999904632568,5.639999866485596
2020-03-30,4.239999771118164,4.65399980545044,4.119999885559082,4.489999771118164,213100,0,0,0.046620002574253805,0.18289205338711723,6.324000000953674,10.249584070208542,2.398415931698807,4.120000004768372,6.06000018119812,8.586750149726868,10.849999904632568,5.989999771118164
2020-03-31,4.429999828338623,4.739999771118164,4.385000228881836,4.449999809265137,272100,0,0,-0.008908677926962594,0.18126272698809054,6.18833331267039,10.082362037172132,2.2943045881686492,4.234999895095825,6.06000018119812,8.626250267028809,10.849999904632568,5.840000152587891
2020-04-01,4.380000114440918,4.5,3.941999912261963,4.010000228881836,425400,0,0,-0.09887631443650813,0.16334013659879718,6.039999985694886,9.915693498086469,2.164306473303303,4.359999895095825,5.93500018119812,8.626250267028809,10.849999904632568,6.21999979019165
2020-04-02,3.900000095367432,4.449999809265137,3.829999923706055,4.25,289700,0,0,0.059850313570951164,0.1731160949929572,5.899666651089986,9.719534399655378,2.0797989025245935,4.3399999141693115,5.93500018119812,8.315000176429749,10.849999904632568,6.409999847412109
2020-04-03,4.199999809265137,4.590000152587891,4.199999809265137,4.349999904632568,218900,0,0,0.023529389325310124,0.17718941099052385,5.755333304405212,9.470532127382691,2.0401344814277333,4.3399999141693115,5.894999742507935,8.167500138282776,10.849999904632568,6.579999923706055
2020-04-06,4.46999979019165,4.730000019073486,4.360000133514404,4.409999847412109,449400,0,0,0.01379309059654088,0.17963340058906385,5.6189999659856165,9.220483143401216,2.0175167885700174,4.3399999141693115,5.894999742507935,8.167500138282776,10.849999904632568,6.559999942779541
2020-04-07,4.489999771118164,4.900000095367432,4.269999980926514,4.320000171661377,476600,0,0,-0.02040809044552383,0.17596742590280523,5.48833331267039,8.983521835962534,1.9931447893782464,4.365000009536743,5.894999742507935,8.167500138282776,10.849999904632568,6.0
2020-04-08,4.380000114440918,4.75,4.320000171661377,4.539999961853027,381000,0,0,0.05092587533556592,0.18492872109745193,5.369333322842916,8.741087043779922,1.9975796019059104,4.365000009536743,5.894999742507935,8.167500138282776,10.849999904632568,5.599999904632568
2020-04-09,4.619999885559082,4.876999855041504,4.599999904632568,4.78000020980835,329700,0,0,0.05286349118323885,0.1947046989147147,5.2599999825159705,8.486172963752363,2.0338270012795783,4.365000009536743,5.874999761581421,8.167500138282776,10.849999904632568,5.880000114440918
2020-04-13,4.710000038146973,4.78000020980835,4.539999961853027,4.639999866485596,186100,0,0,-0.029288773468143292,0.1890020370950186,5.135666648546855,8.155008620423024,2.116324676670686,4.365000009536743,5.754999876022339,8.162500262260437,10.849999904632568,5.730000019073486
2020-04-14,4.75,4.989999771118164,4.40500020980835,4.59499979019165,641100,0,0,-0.009698292583794621,0.18716904004033788,5.028166635831197,7.883810079827736,2.172523191834659,4.409999847412109,5.5299999713897705,8.162500262260437,10.289999961853027,6.130000114440918
2020-04-15,4.5,4.679999828338623,4.260000228881836,4.480000019073486,551000,0,0,-0.02502715481372586,0.1824847314989119,4.909833312034607,7.5452039751965145,2.274462648872699,4.409999847412109,5.3450000286102295,7.927500247955322,10.184999942779541,6.21999979019165
2020-04-16,4.829999923706055,4.920000076293945,4.679999828338623,4.75,617700,0,0,0.06026785262879364,0.1934826944038933,4.795166659355163,7.134185952647263,2.4561473660630635,4.59499979019165,5.2184998989105225,7.702500104904175,9.959999799728394,6.369999885559082
2020-04-17,4.869999885559082,5.389999866485596,4.815000057220459,5.349999904632568,822700,0,0,0.12631576939633016,0.21792260981239608,4.707166663805643,6.739138626236704,2.675194701374583,4.825000047683716,4.813999891281128,7.5625,9.790000200271606,6.46999979019165
2020-04-20,5.320000171661377,5.989999771118164,5.110000133514404,5.360000133514404,448900,0,0,0.0018692016934760414,0.21832995112370412,4.62616666952769,6.329201223348545,2.923132115706834,5.125,4.669999837875366,6.082499980926514,7.865000009536744,6.599999904632568
2020-04-21,5.25,5.78000020980835,5.010000228881836,5.559999942779541,392000,0,0,0.03731339632150399,0.2264765831188375,4.575166662534078,6.058864535511937,3.0914687895562185,5.125,4.669999837875366,6.082499980926514,7.5299999713897705,6.289999961853027
2020-04-22,5.710000038146973,5.795000076293945,5.309999942779541,5.460000038146973,229800,0,0,-0.017985594543473482,0.22240326712127081,4.519499993324279,5.714535799550374,3.324464187098185,5.125,4.669999837875366,6.082499980926514,6.734999895095826,6.449999809265137
2020-04-23,5.5,5.849999904632568,5.440000057220459,5.519999980926514,306400,0,0,0.010989000432297447,0.22484725671981082,4.485166652997335,5.49008808528359,3.4802452207110797,5.125,4.689999938011169,6.047499895095825,6.702500104904174,6.480000019073486
2020-04-24,5.380000114440918,6.320000171661377,5.380000114440918,6.190000057220459,345000,0,0,0.12137682583496812,0.25213850303816165,4.558499987920126,5.716528787965302,3.400471187874949,5.2900002002716064,4.9700000286102295,5.987499952316284,6.702500104904174,6.659999847412109
2020-04-27,6.480000019073486,6.989999771118164,6.480000019073486,6.849999904632568,467700,0,0,0.10662356079338609,0.27902240804520445,4.659499986966451,6.046524068649383,3.2724759052835193,5.625,5.409999847412109,5.875,6.702500104904174,6.46999979019165
2020-04-28,7.010000228881836,7.559999942779541,6.170000076293945,6.230000019073486,383800,0,0,-0.09051093345852224,0.2537678294371883,4.719166652361552,6.212497181332427,3.2258361233906765,6.119999885559082,5.694999933242798,5.7825000286102295,6.702500104904174,6.369999885559082
2020-04-29,6.28000020980835,7.119999885559082,6.21999979019165,6.650000095367432,412000,0,0,0.06741574237690084,0.27087577605007107,4.815833322207133,6.41656269536495,3.2151039490493147,6.1875,5.694999933242798,5.64424991607666,6.702500104904174,6.380000114440918
2020-04-30,6.510000228881836,6.570000171661377,6.0,6.050000190734863,391900,0,0,-0.0902255482748856,0.24643586064156828,4.89283332824707,6.501317976457521,3.2843486800366186,6.2850000858306885,5.694999933242798,5.441999912261963,6.702500104904174,6.590000152587891
2020-05-01,5.920000076293945,5.949999809265137,5.105000019073486,5.53000020980835,363300,0,0,-0.08595040736078918,0.2252545980311188,4.937166674931844,6.540165267760084,3.3341680821036044,6.2850000858306885,5.694999933242798,5.084999918937683,6.702500104904174,6.809999942779541
2020-05-04,5.480000019073486,5.820000171661377,5.294000148773193,5.610000133514404,185900,0,0,0.01446653176688173,0.22851325082917215,4.989166673024496,6.574905096857304,3.4034282491916876,6.332499980926514,5.694999933242798,5.084999918937683,6.702500104904174,6.880000114440918
2020-05-05,5.739999771118164,5.789999961853027,5.420000076293945,5.639999866485596,256900,0,0,0.005347545856901448,0.22973523591689077,5.043166669209798,6.603507557986392,3.482825780433204,6.332499980926514,5.694999933242798,5.084999918937683,6.702500104904174,6.190000057220459
2020-05-06,5.699999809265137,6.239999771118164,5.679999828338623,5.989999771118164,329500,0,0,0.062056722148587706,0.2439918516199255,5.097166665395101,6.672540912352673,3.521792418437529,6.332499980926514,5.694999933242798,5.090000092983246,6.702500104904174,6.059999942779541
2020-05-07,6.070000171661377,6.210000038146973,5.800000190734863,5.840000152587891,189400,0,0,-0.025041673499475392,0.23788188733512688,5.148833338419596,6.716629918898317,3.5810367579408755,6.332499980926514,5.694999933242798,5.147500038146973,6.702500104904174,6.53000020980835
2020-05-08,5.920000076293945,6.559999942779541,5.840000152587891,6.21999979019165,331500,0,0,0.0650684293964221,0.25336048812588025,5.21349999109904,6.792539268404278,3.6344607137938016,6.332499980926514,5.694999933242798,5.147500038146973,6.702500104904174,6.630000114440918
2020-05-11,5.900000095367432,6.559999942779541,5.880000114440918,6.409999847412109,354900,0,0,0.030546634024019026,0.2610997982328083,5.284166653951009,6.881097181527746,3.6872361263742714,6.112499952316284,5.879999876022339,5.137500047683716,6.2200000286102295,6.130000114440918
2020-05-12,6.480000019073486,7.199999809265137,6.228000164031982,6.579999923706055,331200,0,0,0.026521073376090554,0.26802444514022306,5.353833325703939,6.987782718851269,3.719883932556609,6.1524999141693115,5.9100000858306885,5.117499828338623,6.2200000286102295,6.400000095367432
2020-05-13,6.650000095367432,6.829999923706055,6.039999961853027,6.559999942779541,270500,0,0,-0.0030395108143480565,0.2672097819407097,5.424166663487752,7.0778403813610655,3.770492945614439,6.1524999141693115,5.9100000858306885,5.117499828338623,6.2200000286102295,6.46999979019165
2020-05-14,6.429999828338623,6.454999923706055,5.909999847412109,6.0,214600,0,0,-0.08536584568052041,0.24439919293123358,5.490499989191691,7.070422374712537,3.9105776036708453,6.246999979019165,5.9100000858306885,5.129999876022339,6.2200000286102295,6.570000171661377
2020-05-15,6.019999980926514,6.019999980926514,5.539999961853027,5.599999904632568,284900,0,0,-0.06666668256123864,0.2281059095178641,5.535499986012777,7.047401774109738,4.023598197915816,6.309999942779541,5.9100000858306885,5.129999876022339,6.2200000286102295,6.519999980926514
2020-05-18,5.869999885559082,6.039999961853027,5.78000020980835,5.880000114440918,275600,0,0,0.05000003831727229,0.23951121373415357,5.586499993006388,7.0373820194986,4.135617966514176,6.369999885559082,5.9100000858306885,5.119999885559082,6.2200000286102295,6.409999847412109
2020-05-19,5.809999942779541,5.980000019073486,5.699999809265137,5.730000019073486,135800,0,0,-0.025510219804084855,0.23340123002625215,5.6304999987284345,7.014962142764335,4.246037854692534,6.369999885559082,5.9100000858306885,5.059999942779541,6.2200000286102295,6.630000114440918
2020-05-20,5.800000190734863,6.150000095367432,5.800000190734863,6.130000114440918,202700,0,0,0.0698080443343716,0.24969451343962162,5.690833330154419,6.9976680300183745,4.383998630290463,6.369999885559082,5.9100000858306885,4.96999990940094,6.2200000286102295,5.929999828338623
2020-05-21,6.190000057220459,6.445000171661377,6.010000228881836,6.21999979019165,130600,0,0,0.014681839163218413,0.25336048812588025,5.746833324432373,6.994632838706553,4.499033810158193,6.369999885559082,6.119999885559082,4.877499938011169,6.2200000286102295,6.320000171661377
2020-05-22,6.230000019073486,6.380000114440918,6.110000133514404,6.369999885559082,71200,0,0,0.024115771772849293,0.2594704718337817,5.799833313624064,7.013693064345718,4.58597356290241,6.369999885559082,6.1875,4.906749844551086,6.2200000286102295,5.980000019073486
2020-05-26,6.5,6.820000171661377,6.329999923706055,6.46999979019165,255900,0,0,0.015698572437853553,0.26354378783134835,5.860833311080933,7.018401365668198,4.703265256493668,6.184999942779541,6.2850000858306885,4.819499969482422,6.2200000286102295,6.150000095367432
2020-05-27,6.519999980926514,6.739999771118164,6.389999866485596,6.599999904632568,160500,0,0,0.02009275404274269,0.2688391083397364,5.927666648228963,7.015016618584392,4.840316677873535,6.180000066757202,6.2850000858306885,4.897499918937683,6.2200000286102295,6.25
2020-05-28,6.630000114440918,6.803999900817871,6.230000019073486,6.289999961853027,133500,0,0,-0.04696968897862419,0.2562118190357283,5.987999979654948,6.9406986822731636,5.035301277036732,6.180000066757202,6.332499980926514,4.897499918937683,6.2200000286102295,6.019999980926514
2020-05-29,6.380000114440918,6.510000228881836,5.860000133514404,6.449999809265137,295300,0,0,0.02543717780325294,0.262729124631835,6.044666639963785,6.893265821161379,5.1960674587661915,6.259999990463257,6.332499980926514,4.897499918937683,6.2200000286102295,6.130000114440918
2020-06-01,6.489999771118164,6.570000171661377,6.269999980926514,6.480000019073486,144100,0,0,0.004651195456665924,0.2639511291426564,6.08233331044515,6.904320325131118,5.260346295759182,6.259999990463257,6.332499980926514,4.907499969005585,6.2200000286102295,6.159999847412109
2020-06-02,6.519999980926514,6.690000057220459,6.315000057220459,6.659999847412109,134100,0,0,0.027777751205062318,0.2712830979382764,6.12566663424174,6.927718534374073,5.323614734109407,6.31000018119812,6.332499980926514,5.130000114440918,6.2200000286102295,6.179999828338623
2020-06-03,6.690000057220459,6.960000038146973,6.389999866485596,6.46999979019165,278600,0,0,-0.028528537773809037,0.2635437878313483,6.15599996248881,6.938910960568696,5.373088964408924,6.4100000858306885,6.332499980926514,5.517499923706055,6.2200000286102295,5.96999979019165
2020-06-04,6.460000038146973,6.75,6.25,6.369999885559082,154400,0,0,-0.01545593630221842,0.25947047183378164,6.18633329073588,6.928754679883244,5.443911901588517,6.4100000858306885,6.1524999141693115,5.90749990940094,6.2200000286102295,5.739999771118164
2020-06-05,6.53000020980835,6.684999942779541,6.25,6.380000114440918,194700,0,0,0.0015698946721343088,0.2598778131450897,6.214999961853027,6.917905344774775,5.512094578931279,6.4100000858306885,6.1524999141693115,5.941249966621399,6.069999933242798,5.980000019073486
2020-06-08,6.460000038146973,6.78000020980835,6.380000114440918,6.590000152587891,230400,0,0,0.032915365890298975,0.26843178645153104,6.228333298365275,6.943815758393453,5.512850838337097,6.4100000858306885,6.1524999141693115,5.990000009536743,6.069999933242798,6.039999961853027
2020-06-09,6.53000020980835,6.949999809265137,6.380000114440918,6.809999942779541,207500,0,0,0.03338388241239376,0.27739308164617776,6.226999966303508,6.938007645063122,5.515992287543893,6.4100000858306885,6.246999979019165,5.990000009536743,6.069999933242798,5.96999979019165
2020-06-10,6.840000152587891,7.284999847412109,6.760000228881836,6.880000114440918,345800,0,0,0.01027902676204806,0.28024441255602583,6.248666636149088,6.9970990690333394,5.500234203264837,6.572499990463257,6.352499961853027,6.013749957084656,6.069999933242798,6.059999942779541
2020-06-11,6.699999809265137,6.730000019073486,6.170000076293945,6.190000057220459,251400,0,0,-0.10029070432312481,0.25213850303816165,6.23333330154419,6.967047212035072,5.499619391053307,6.727499961853027,6.412499904632568,6.013749957084656,6.069999933242798,6.144999980926514
2020-06-12,6.389999866485596,6.579999923706055,5.820000171661377,6.059999942779541,241400,0,0,-0.021001633802777864,0.24684318252977358,6.2336666266123455,6.967058200220275,5.500275053004416,6.552500009536743,6.412499904632568,6.013749957084656,6.06000018119812,6.03000020980835
2020-06-15,5.929999828338623,6.550000190734863,5.860000133514404,6.53000020980835,349000,0,0,0.07755780057206296,0.2659877968529911,6.266999959945679,6.959451119931673,5.574548799959684,6.552500009536743,6.412499904632568,6.013749957084656,6.06000018119812,5.789999961853027
2020-06-16,6.599999904632568,6.900000095367432,6.489999771118164,6.630000114440918,202000,0,0,0.015313920584927976,0.2700611128505578,6.3009999593098955,6.960673997835443,5.6413259207843485,6.552500009536743,6.412499904632568,6.013749957084656,5.93500018119812,5.630000114440918
2020-06-17,6.659999847412109,6.659999847412109,5.934999942779541,6.130000114440918,324700,0,0,-0.07541477999539414,0.24969451343962165,6.317333300908406,6.933859595236817,5.700807006579995,6.552500009536743,6.412499904632568,5.9962499141693115,5.93500018119812,5.460000038146973
2020-06-18,6.059999942779541,6.690000057220459,6.059999942779541,6.400000095367432,289200,0,0,0.044045673064581736,0.260692476344603,6.330999978383383,6.936040460435135,5.7259594963316305,6.552500009536743,6.412499904632568,6.03125,5.894999742507935,5.550000190734863
2020-06-19,6.460000038146973,6.739999771118164,6.309999942779541,6.46999979019165,350800,0,0,0.01093745215330344,0.2635437878313483,6.351999966303508,6.930744400800872,5.773255531806143,6.552500009536743,6.412499904632568,6.03125,5.894999742507935,5.46999979019165
2020-06-22,6.510000228881836,6.739999771118164,6.409999847412109,6.570000171661377,302400,0,0,0.015456010001936082,0.26761712325201775,6.363666645685831,6.945380944894566,5.781952346477096,6.552500009536743,6.412499904632568,6.078500032424927,5.894999742507935,5.139999866485596
2020-06-23,6.619999885559082,6.75,6.460000038146973,6.519999980926514,309100,0,0,-0.007610378908440629,0.265580455541683,6.367333316802979,6.951534714545157,5.783131919060801,6.360000133514404,6.492499828338623,6.110000014305115,5.894999742507935,5.25
2020-06-24,6.46999979019165,6.599999904632568,6.28000020980835,6.409999847412109,161600,0,0,-0.016871186171195762,0.2610997982328083,6.3616666475931805,6.940815701670511,5.78251759351585,6.360000133514404,6.492499828338623,6.139999985694885,5.874999761581421,4.909999847412109
2020-06-25,6.409999847412109,6.849999904632568,6.320000171661377,6.630000114440918,346200,0,0,0.03432141533008437,0.2700611128505578,6.36399998664856,6.9468544463306605,5.781145526966459,6.380000114440918,6.542500019073486,6.139999985694885,5.754999876022339,5.010000228881836
2020-06-26,6.619999885559082,6.619999885559082,5.849999904632568,5.929999828338623,1238600,0,0,-0.10558073514623512,0.24154786202138553,6.3616666475931805,6.950816391182897,5.772516904003464,6.375,6.552500009536743,6.139999985694885,5.5299999713897705,5.099999904632568
2020-06-29,5.929999828338623,6.380000114440918,5.800000190734863,6.320000171661377,306700,0,0,0.06576734479130986,0.25743382354654976,6.3856666564941404,6.903535643587777,5.867797669400504,6.325000047683716,6.542500019073486,6.244999885559082,5.454999923706055,5.099999904632568
2020-06-30,6.210000038146973,6.449999809265137,5.940000057220459,5.980000019073486,311300,0,0,-0.05379749103685749,0.2435845297317203,6.388999986648559,6.895035367542231,5.882964605754887,6.325000047683716,6.542500019073486,6.278749942779541,5.454999923706055,5.170000076293945
2020-07-01,6.0,6.320000171661377,6.0,6.150000095367432,263300,0,0,0.02842810631299697,0.250509176639135,6.402999989191691,6.85613450857705,5.949865469806332,6.325000047683716,6.542500019073486,6.235000014305115,5.454999923706055,5.179999828338623
2020-07-02,6.269999980926514,6.300000190734863,6.050000190734863,6.25,200900,0,0,0.016260146842582035,0.2545824926367017,6.406999985376994,6.852528326540718,5.96147164421327,6.325000047683716,6.542500019073486,6.232500076293945,5.454999923706055,5.679999828338623
2020-07-06,6.309999942779541,6.309999942779541,5.989999771118164,6.019999980926514,239100,0,0,-0.03680000305175779,0.24521385613074695,6.400333325068156,6.86242239208573,5.938244258050583,6.325000047683716,6.542500019073486,6.256250023841858,5.454999923706055,5.159999847412109
2020-07-07,6.03000020980835,6.289999961853027,5.994999885559082,6.130000114440918,198000,0,0,0.01827244748553558,0.2496945134396217,6.39233333269755,6.8643830301220286,5.920283635273072,6.325000047683716,6.542500019073486,6.296249985694885,5.454999923706055,4.940000057220459
2020-07-08,6.159999847412109,6.269999980926514,6.010000228881836,6.159999847412109,114500,0,0,0.004893920458585166,0.2509164985273403,6.382000001271566,6.8602865615395805,5.903713441003551,6.325000047683716,6.542500019073486,6.296249985694885,5.475000023841858,5.079999923706055
2020-07-09,6.139999866485596,6.289999961853027,6.050000190734863,6.179999828338623,189600,0,0,0.003246750230832429,0.2517311617268536,6.367999998728434,6.844538495936131,5.891461501520737,6.210000038146973,6.542500019073486,6.321250081062317,5.5899999141693115,5.199999809265137
2020-07-10,6.21999979019165,6.320000171661377,5.880000114440918,5.96999979019165,166100,0,0,-0.03398058964079731,0.24317718842041222,6.357333326339722,6.854137585736721,5.860529066942723,6.125,6.542500019073486,6.371250033378601,5.694999933242798,5.050000190734863
2020-07-13,6.019999980926514,6.139999866485596,5.730000019073486,5.739999771118164,155900,0,0,-0.03852596769791561,0.23380855191445749,6.333666658401489,6.875824429204324,5.791508887598654,6.0899999141693115,6.507499933242798,6.28125,5.694999933242798,4.849999904632568
2020-07-14,5.760000228881836,5.989999771118164,5.590000152587891,5.980000019073486,175900,0,0,0.041811891554931035,0.24358452973172023,6.316999991734822,6.870681987889973,5.763317995579672,5.955000162124634,6.4375,6.28125,5.694999933242798,4.949999809265137
2020-07-15,6.099999904632568,6.199999809265137,5.929999828338623,6.039999961853027,172700,0,0,0.010033435215412778,0.24602851933026024,6.296333328882853,6.843549711788736,5.74911694597697,5.955000162124634,6.4375,6.28125,5.694999933242798,4.994999885559082
2020-07-16,6.059999942779541,6.070000171661377,5.75,5.96999979019165,136700,0,0,-0.011589432467463356,0.2431771884204122,6.2796666622161865,6.835052732062483,5.72428059236989,5.955000162124634,6.4375,6.328500032424927,5.694999933242798,5.070000171661377
2020-07-17,5.96999979019165,6.150000095367432,5.949999809265137,6.059999942779541,195700,0,0,0.015075402973339314,0.24684318252977358,6.269333330790202,6.8291015619157065,5.709565099664697,5.955000162124634,6.245000123977661,6.462499976158142,5.694999933242798,5.199999809265137
2020-07-20,6.119999885559082,6.389999866485596,6.070000171661377,6.144999980926514,307900,0,0,0.014026409067585899,0.25030550598348095,6.261499993006388,6.8214304014398115,5.701569584572964,5.990000009536743,6.245000123977661,6.569999933242798,5.694999933242798,5.050000190734863
2020-07-21,6.199999809265137,6.329999923706055,5.960000038146973,6.03000020980835,109000,0,0,-0.01871436476405408,0.24562119744205496,6.2428333282470705,6.795048484618008,5.690618171876133,5.990000009536743,6.245000123977661,6.482499957084656,5.694999933242798,4.909999847412109
2020-07-22,5.989999771118164,6.010000228881836,5.769999980926514,5.789999961853027,121000,0,0,-0.039801034760320486,0.23584521962479219,6.208833328882853,6.7425926720470795,5.675073985718626,5.990000009536743,6.245000123977661,6.482499957084656,5.694999933242798,4.820000171661377
2020-07-23,5.789999961853027,5.809999942779541,5.53000020980835,5.630000114440918,130800,0,0,-0.027633825296417336,0.2293279140286855,6.167166662216187,6.6797195329694565,5.654613791462917,5.960000038146973,6.190000057220459,6.482499957084656,5.694999933242798,4.940000057220459
2020-07-24,5.619999885559082,5.619999885559082,5.340000152587891,5.460000038146973,123300,0,0,-0.03019539482031197,0.2224032671212708,6.14283332824707,6.714264850327127,5.571401806167013,5.865000009536743,6.0950000286102295,6.482499957084656,5.879999876022339,4.815000057220459
2020-07-27,5.46999979019165,5.78000020980835,5.46999979019165,5.550000190734863,122200,0,0,0.016483544314852328,0.2260692612306322,6.1258333365122475,6.734958059815683,5.516708613208812,5.865000009536743,6.0950000286102295,6.482499957084656,5.9100000858306885,4.900000095367432
2020-07-28,5.46999979019165,5.610000133514404,5.383999824523926,5.46999979019165,109500,0,0,-0.014414486088985212,0.2228105890094761,6.090499989191691,6.724069116863889,5.456930861519492,5.865000009536743,6.0950000286102295,6.482499957084656,5.9100000858306885,4.909999847412109
2020-07-29,5.489999771118164,5.585000038146973,5.110000133514404,5.139999866485596,99100,0,0,-0.06032905600796967,0.2093686365059547,6.040833314259847,6.728386493334806,5.353280135184887,5.75,5.980000019073486,6.482499957084656,5.9100000858306885,4.849999904632568
2020-07-30,5.110000133514404,5.349999904632568,5.110000133514404,5.25,111600,0,0,0.021400804741579682,0.2138492938148294,6.011499977111816,6.753864490695131,5.269135463528501,5.75,5.980000019073486,6.426249980926514,5.9100000858306885,4.809999942779541
2020-07-31,5.25,5.300000190734863,4.860000133514404,4.909999847412109,150500,0,0,-0.06476193382626483,0.19999999999999996,5.961833302179972,6.787686196664456,5.135980407695488,5.5950000286102295,5.855000019073486,6.426249980926514,5.9100000858306885,4.949999809265137
2020-08-03,4.980000019073486,5.079999923706055,4.840000152587891,5.010000228881836,128300,0,0,0.020366677103347275,0.2040733354206694,5.913166650136312,6.784044264888506,5.042289035384118,5.425000190734863,5.730000019073486,6.461250066757202,5.9100000858306885,4.96999979019165
2020-08-04,5.010000228881836,5.150000095367432,4.860000133514404,5.099999904632568,122500,0,0,0.01796400631518913,0.20773931010692803,5.864166641235352,6.746962627873624,4.98137065459708,5.325000047683716,5.644999980926514,6.463750004768372,5.9100000858306885,5.03000020980835
2020-08-05,5.179999828338623,5.179999828338623,4.929999828338623,5.099999904632568,77800,0,0,0.0,0.20773931010692803,5.8168333053588865,6.706104483299182,4.927562127418591,5.31000018119812,5.644999980926514,6.433750033378601,6.119999885559082,4.900000095367432
2020-08-06,5.110000133514404,5.190000057220459,5.019999980926514,5.170000076293945,53900,0,0,0.013725524111832366,0.2105906410167761,5.775499979654948,6.665909505762165,4.885090453547732,5.31000018119812,5.615000009536743,6.433750033378601,6.1875,5.079999923706055
2020-08-07,5.139999866485596,5.190000057220459,5.010000228881836,5.179999828338623,103600,0,0,0.0019341879878358448,0.2109979629049814,5.7271666367848715,6.5837858796292705,4.870547393940472,5.2250001430511475,5.615000009536743,6.433750033378601,6.2850000858306885,5.090000152587891
2020-08-10,5.449999809265137,6.150000095367432,5.289999961853027,5.679999828338623,363500,0,0,0.09652509972386714,0.23136456231591757,5.718833303451538,6.572276511295974,4.8653900956071015,5.495000123977661,5.615000009536743,6.433750033378601,6.2850000858306885,4.960000038146973
2020-08-11,5.710000038146973,5.869999885559082,5.110000133514404,5.159999847412109,171800,0,0,-0.09154929518344923,0.2101832997054681,5.680166625976563,6.526286302949826,4.8340469490033,5.495000123977661,5.615000009536743,6.433750033378601,6.332499980926514,5.110000133514404
2020-08-12,5.25,5.510000228881836,4.929999828338623,4.940000057220459,160400,0,0,-0.0426356195149864,0.2012220045108214,5.6454999605814615,6.524025007230359,4.766974913932564,5.495000123977661,5.615000009536743,6.433750033378601,6.332499980926514,5.510000228881836
2020-08-13,4.980000019073486,5.130000114440918,4.900000095367432,5.079999923706055,129000,0,0,0.0283400536161873,0.20692464690741474,5.609833288192749,6.490399603451516,4.729266972933981,5.495000123977661,5.615000009536743,6.433750033378601,6.332499980926514,4.994999885559082
2020-08-14,5.039999961853027,5.610000133514404,4.960000038146973,5.199999809265137,211900,0,0,0.023622025071121877,0.21181262610449475,5.574833281834921,6.434188381988107,4.715478181681735,5.505000114440918,5.615000009536743,6.3762500286102295,6.332499980926514,5.059999942779541
2020-08-17,5.199999809265137,5.36899995803833,4.989999771118164,5.050000190734863,209000,0,0,-0.028846081544659063,0.20570266181969613,5.542499955495199,6.405386532178567,4.679613378811831,5.525000095367432,5.615000009536743,6.333750009536743,6.332499980926514,4.75
2020-08-18,5.079999923706055,5.135000228881836,4.809999942779541,4.849999904632568,171500,0,0,-0.03960401555414428,0.19755601040146,5.4998332818349205,6.368822627935171,4.63084393573467,5.480000019073486,5.599999904632568,6.298749923706055,6.194999933242798,4.650000095367432
2020-08-19,4.880000114440918,5.03000020980835,4.820000171661377,4.949999809265137,76900,0,0,0.02061853744307318,0.20162932639902667,5.459499947230021,6.314480967868236,4.604518926591806,5.480000019073486,5.599999904632568,6.196250081062317,6.194999933242798,4.980000019073486
2020-08-20,4.900000095367432,5.039999961853027,4.809999942779541,4.994999885559082,84700,0,0,0.009090924854121551,0.20346232345370738,5.419999949137369,6.247409309763647,4.592590588511092,5.480000019073486,5.599999904632568,6.196250081062317,6.194999933242798,5.099999904632568
2020-08-21,5.070000171661377,5.090000152587891,4.900000095367432,5.070000171661377,92500,0,0,0.015015072636763493,0.20651732501920947,5.389999961853027,6.200669549137846,4.579330374568208,5.3399999141693115,5.599999904632568,6.196250081062317,6.289499998092651,5.050000190734863
2020-08-24,5.079999923706055,5.230000019073486,4.949999809265137,5.199999809265137,170700,0,0,0.025640953294319146,0.21181262610449475,5.371999963124593,6.174777820525041,4.569222105724145,5.210000038146973,5.599999904632568,6.1000001430511475,6.352499961853027,5.010000228881836
2020-08-25,5.210000038146973,5.210000038146973,4.989999771118164,5.050000190734863,215200,0,0,-0.028846081544659063,0.20570266181969613,5.340999968846639,6.119073927791662,4.5629260099016165,5.210000038146973,5.569999933242798,6.117500066757202,6.412499904632568,4.860000133514404
2020-08-26,5.03000020980835,5.050000190734863,4.849999904632568,4.909999847412109,153300,0,0,-0.02772283921485974,0.2,5.303333298365275,6.051426793427905,4.555239803302645,5.210000038146973,5.480000019073486,6.117500066757202,6.412499904632568,4.71999979019165
2020-08-27,4.949999809265137,5.059999942779541,4.800000190734863,4.820000171661377,132000,0,0,-0.01832987343129311,0.1963340253137414,5.264999977747599,5.990172604454098,4.5398273510411,5.084500074386597,5.4750001430511475,6.117500066757202,6.412499904632568,5.150000095367432
2020-08-28,4.860000133514404,4.96999979019165,4.75,4.940000057220459,110400,0,0,0.02489624093057241,0.2012220045108214,5.227666648228963,5.8989376126827695,4.556395683775157,4.990000009536743,5.450000047683716,6.075000047683716,6.4075000286102295,5.130000114440918
2020-08-31,5.0,5.03000020980835,4.800000190734863,4.815000057220459,147200,0,0,-0.025303643431601963,0.19613035465808737,5.183333317438762,5.778211318331271,4.588455316546252,4.990000009536743,5.450000047683716,5.980000019073486,6.3125,5.380000114440918
2020-09-01,4.829999923706055,4.989999771118164,4.760000228881836,4.900000095367432,161700,0,0,0.01765317489861884,0.19959267811179474,5.145666646957397,5.659394325082471,4.631938968832324,4.990000009536743,5.450000047683716,5.980000019073486,6.3125,5.389999866485596
2020-09-02,4.889999866485596,4.940000057220459,4.449999809265137,4.909999847412109,250100,0,0,0.00204076568368472,0.2,5.116333309809367,5.577697915904649,4.6549687037140846,4.8399999141693115,5.299999952316284,5.980000019073486,6.3125,5.449999809265137
2020-09-03,4.909999847412109,4.949999809265137,4.789999961853027,4.849999904632568,246100,0,0,-0.012219947992699987,0.19755601040146,5.090333302815755,5.520001664645817,4.660664940985693,4.8399999141693115,5.299999952316284,5.865000009536743,6.197499990463257,5.670000076293945
2020-09-04,4.909999847412109,4.949999809265137,4.75,4.809999942779541,191200,0,0,-0.00824741497722925,0.19592668400243335,5.068666632970174,5.487065079437833,4.650268186502516,4.829999923706055,5.299999952316284,5.865000009536743,6.197499990463257,5.690000057220459
2020-09-08,4.760000228881836,5.090000152587891,4.75,4.949999809265137,246100,0,0,0.029106001694605865,0.20162932639902667,5.048666620254517,5.4289853810583795,4.6683478594506544,4.769999980926514,5.299999952316284,5.725000023841858,6.072499990463257,5.440000057220459
2020-09-09,5.0,5.050000190734863,4.900000095367432,4.96999979019165,110000,0,0,0.004040400342860462,0.20244398959854001,5.03199995358785,5.379623491330976,4.684376415844724,4.769999980926514,5.299999952316284,5.577500104904175,6.0625,5.440000057220459
2020-09-10,4.960000038146973,5.239999771118164,4.923999786376953,5.03000020980835,321400,0,0,0.012072519547206229,0.2048879986201828,5.028333298365275,5.373650702206628,4.683015894523921,4.84499979019165,5.299999952316284,5.485000014305115,6.0625,5.409999847412109
2020-09-11,5.03000020980835,5.139999866485596,4.840000152587891,4.900000095367432,142700,0,0,-0.02584495209113946,0.19959267811179474,5.016666634877523,5.354861650693391,4.678471619061654,4.84499979019165,5.299999952316284,5.477500081062317,6.0625,5.050000190734863
2020-09-14,4.949999809265137,5.190000057220459,4.900000095367432,5.079999923706055,188900,0,0,0.0367346581296597,0.20692464690741472,5.022333304087321,5.3588929540230374,4.685773654151605,4.84499979019165,5.299999952316284,5.462500095367432,6.0625,4.619999885559082
2020-09-15,5.139999866485596,5.289999961853027,5.059999942779541,5.090000152587891,140800,0,0,0.001968549022052013,0.20733198821872276,5.024999968210856,5.3623877836844835,4.687612152737228,4.869999885559082,5.299999952316284,5.420000076293945,6.0625,4.610000133514404
2020-09-16,5.110000133514404,5.179999828338623,4.929999828338623,4.960000038146973,259600,0,0,-0.025540296766950465,0.2020366677103347,5.0203333059946695,5.357317779393025,4.683348832596314,5.019999980926514,5.159999847412109,5.555000066757202,6.0625,4.679999828338623
2020-09-17,4.920000076293945,5.190000057220459,4.889999866485596,5.110000133514404,352800,0,0,0.03024195447858724,0.2081466514182361,5.020666646957397,5.3579831349922795,4.683350158922515,5.019999980926514,5.0299999713897705,5.555000066757202,6.0625,4.590000152587891
2020-09-18,5.190000057220459,5.570000171661377,5.079999923706055,5.510000228881836,460700,0,0,0.07827790311471694,0.22443993483160554,5.031999985376994,5.408878199512846,4.655121771241142,5.1600000858306885,5.0299999713897705,5.555000066757202,6.0625,4.559999942779541
2020-09-21,5.389999866485596,5.389999866485596,4.940000057220459,4.994999885559082,405000,0,0,-0.09346648310888817,0.20346232345370732,5.025833320617676,5.398882674324943,4.652783966910409,5.205000162124634,5.0299999713897705,5.555000066757202,6.0625,4.650000095367432
2020-09-22,5.010000228881836,5.119999885559082,4.820000171661377,5.059999942779541,335000,0,0,0.013013024766703074,0.20610998370790137,5.005166657765707,5.289657677326141,4.720675638205273,5.195000171661377,5.009999990463257,5.560000061988831,6.0625,4.699999809265137
2020-09-23,5.0,5.119999885559082,4.699999809265137,4.75,220200,0,0,-0.0612648115188027,0.1934826944038933,4.991499996185302,5.284146899404098,4.698853092966507,5.134999990463257,5.009999990463257,5.570000052452087,6.0625,4.429999828338623
2020-09-24,4.730000019073486,4.809999942779541,4.480000019073486,4.650000095367432,171500,0,0,-0.02105261150159332,0.18940937840632663,4.981833330790201,5.298642950678443,4.66502371090196,5.025000095367432,5.009999990463257,5.539999961853027,6.047499895095825,4.230000019073486
2020-09-25,4.610000133514404,5.010000228881836,4.610000133514404,4.980000019073486,202200,0,0,0.0709677240726978,0.20285133090984803,4.9785000006357825,5.293219023293424,4.663780977978141,5.025000095367432,5.009999990463257,5.539999961853027,6.047499895095825,4.659999847412109
2020-09-28,5.039999961853027,5.230000019073486,4.989999771118164,5.099999904632568,205600,0,0,0.0240963624697752,0.20773931010692803,4.9751666704813635,5.282510500105006,4.667822840857721,5.025000095367432,5.009999990463257,5.539999961853027,6.047499895095825,4.920000076293945
2020-09-29,5.130000114440918,5.550000190734863,4.949999809265137,5.050000190734863,336400,0,0,-0.009803865653465582,0.2057026618196961,4.9751666704813635,5.282510500105006,4.667822840857721,5.025000095367432,5.009999990463257,5.46999990940094,6.047499895095825,4.840000152587891
2020-09-30,5.010000228881836,5.239999771118164,4.949999809265137,5.010000228881836,292100,0,0,-0.007920784226189581,0.20407333542066944,4.980500014623006,5.284527266096896,4.676472763149116,5.025000095367432,5.009999990463257,5.4049999713897705,5.855000019073486,4.570000171661377
2020-10-01,5.019999980926514,5.197999954223633,4.795000076293945,4.860000133514404,267200,0,0,-0.02994013742807944,0.19796335171276805,4.977500025431315,5.284415406378809,4.670584644483821,5.015000104904175,5.009999990463257,5.389999985694885,5.855000019073486,4.420000076293945
2020-10-02,4.920000076293945,4.920000076293945,4.599999904632568,4.71999979019165,164300,0,0,-0.02880665421330264,0.19226068989307193,4.968333355585734,5.288655204774457,4.64801150639701,5.015000104904175,5.009999990463257,5.3450000286102295,5.855000019073486,4.769999980926514
2020-10-05,4.730000019073486,5.170000076293945,4.710000038146973,5.150000095367432,256300,0,0,0.09110176362069744,0.2097759778172628,4.971000019709269,5.2959314839526295,4.6460685554659085,5.015000104904175,5.009999990463257,5.279750108718872,5.8500001430511475,4.730000019073486
2020-10-06,5.210000038146973,5.400000095367432,5.110000133514404,5.130000114440918,152500,0,0,-0.0038834913701272233,0.20896131461774944,4.968666696548462,5.287979990511038,4.649353402585887,5.015000104904175,5.009999990463257,5.2200000286102295,5.799999952316284,4.75
2020-10-07,5.260000228881836,5.559999942779541,5.210000038146973,5.380000114440918,214200,0,0,0.04873294238264281,0.21914461432321752,4.9796666940053305,5.330404384796464,4.628929003214197,5.079999923706055,5.009999990463257,5.2200000286102295,5.799999952316284,4.860000133514404
2020-10-08,5.480000019073486,5.480000019073486,5.260000228881836,5.389999866485596,80800,0,0,0.0018586899315924388,0.2195519362114228,4.9956666946411135,5.374692908034179,4.616640481248048,5.079999923706055,5.009999990463257,5.2200000286102295,5.799999952316284,4.929999828338623
2020-10-09,5.400000095367432,5.5,5.251999855041504,5.449999809265137,168900,0,0,0.01113171507714017,0.2219959258099628,5.0166666825612385,5.423071087051391,4.610262278071086,5.079999923706055,5.025000095367432,5.069999933242798,5.6499998569488525,5.010000228881836
2020-10-12,5.420000076293945,5.800000190734863,5.039999961853027,5.670000076293945,118900,0,0,0.040367022885909654,0.23095724042771226,5.041000016530355,5.508521651986839,4.573478381073872,5.200000047683716,5.140000104904175,5.069999933242798,5.6499998569488525,5.21999979019165
2020-10-13,5.639999866485596,5.814000129699707,5.570000171661377,5.690000057220459,76600,0,0,0.003527333449276915,0.23177190362722563,5.070166683197021,5.584195715960712,4.55613765043333,5.207000017166138,5.147000074386597,5.064999938011169,5.6499998569488525,5.230000019073486
2020-10-14,5.639999866485596,5.800000190734863,5.389999866485596,5.440000057220459,142100,0,0,-0.043936730665363855,0.22158860392175755,5.088166681925456,5.614684544646492,4.56164881920442,5.207000017166138,5.147000074386597,5.034999966621399,5.6499998569488525,5.349999904632568
2020-10-15,5.570000171661377,5.690000057220459,5.119999885559082,5.440000057220459,199700,0,0,0.0,0.22158860392175755,5.105833355585734,5.642651377674967,4.569015333496501,5.26200008392334,5.147000074386597,5.034999966621399,5.534999847412109,5.559999942779541
2020-10-16,5.400000095367432,5.590000152587891,5.300000190734863,5.409999847412109,193300,0,0,-0.005514744392057569,0.22036659941093617,5.124500020345052,5.6633639346512705,4.585636106038834,5.427000045776367,5.147000074386597,5.072499871253967,5.449999809265137,5.920000076293945
2020-10-19,5.449999809265137,5.460000038146973,5.03000020980835,5.050000190734863,254900,0,0,-0.0665433764937079,0.20570266181969613,5.132500028610229,5.659522480461453,4.6054775767590055,5.422000169754028,5.147000074386597,5.072499871253967,5.449999809265137,6.420000076293945
2020-10-20,5.050000190734863,5.179999828338623,4.610000133514404,4.619999885559082,252300,0,0,-0.08514857206633264,0.18818737389550527,5.121500031153361,5.676165307416586,4.566834754890136,5.212000131607056,5.147000074386597,5.072499871253967,5.419999837875366,6.539999961853027
2020-10-21,4.650000095367432,4.800000190734863,4.539999961853027,4.610000133514404,161100,0,0,-0.0021644485481340237,0.1877800520073,5.109500042597452,5.691478541340324,4.527521543854581,5.177000045776367,5.147000074386597,5.084999918937683,5.419999837875366,6.849999904632568
2020-10-22,4.650000095367432,4.760000228881836,4.519999980926514,4.679999828338623,107100,0,0,0.015184315140324145,0.1906313634940453,5.097833363215129,5.69929610602374,4.496370620406517,5.16700005531311,5.147000074386597,5.0899999141693115,5.419999837875366,6.269999980926514
2020-10-23,4.679999828338623,4.78000020980835,4.550000190734863,4.590000152587891,146100,0,0,-0.01923070065211563,0.18696538880778668,5.087500031789144,5.71224921758045,4.462750845997839,5.16700005531311,5.147000074386597,5.024999976158142,5.419999837875366,6.559999942779541
2020-10-26,4.510000228881836,4.664999961853027,4.489999771118164,4.559999942779541,118500,0,0,-0.006535993205018742,0.1857433842969653,5.070166699091593,5.7228308062122535,4.4175025919709325,5.144999980926514,5.147000074386597,5.0950000286102295,5.419999837875366,6.539999961853027
2020-10-27,4.570000171661377,4.800000190734863,4.5,4.650000095367432,186200,0,0,0.019736875815185018,0.18940937840632668,5.055500030517578,5.725163773888125,4.385836287147031,5.0899999141693115,5.147000074386597,5.117500066757202,5.419999837875366,6.789999961853027
2020-10-28,4.610000133514404,4.78000020980835,4.489999771118164,4.699999809265137,185600,0,0,0.010752626424140876,0.19144602669355865,5.046833356221517,5.7277770865342585,4.365889625908775,5.039999961853027,5.147000074386597,5.102500081062317,5.419999837875366,7.010000228881836
2020-10-29,4.630000114440918,4.630000114440918,4.369999885559082,4.429999828338623,166800,0,0,-0.05744680678374947,0.18044806378857725,5.024166679382324,5.739370346900164,4.308963011864484,4.914999961853027,5.0920000076293945,5.072499990463257,5.419999837875366,7.550000190734863
2020-10-30,4.349999904632568,4.420000076293945,4.199999809265137,4.230000019073486,188900,0,0,-0.04514668555645118,0.1723014317934439,4.9815000057220455,5.727531350763894,4.235468660680197,4.68999981880188,5.006999969482422,5.017500042915344,5.419999837875366,7.989999771118164
2020-11-02,4.329999923706055,4.670000076293945,4.243000030517578,4.659999847412109,147300,0,0,0.10165480529544002,0.189816700294532,4.9703333377838135,5.725141515486307,4.21552516008132,4.5,5.006999969482422,5.017500042915344,5.419999837875366,7.710000038146973
2020-11-03,4.730000019073486,4.949999809265137,4.610000133514404,4.920000076293945,286200,0,0,0.05579404235951313,0.2004073413113081,4.965666675567627,5.719934119496544,4.211399231638711,4.574999809265137,5.006999969482422,5.017500042915344,5.419999837875366,7.690000057220459
2020-11-04,4.909999847412109,5.170000076293945,4.710000038146973,4.840000152587891,215600,0,0,-0.016260146842582146,0.19714868851325476,4.96866668065389,5.720207869356097,4.217125491951684,4.684999942779541,5.006999969482422,5.017500042915344,5.419999837875366,6.389999866485596
2020-11-05,4.820000171661377,4.889999866485596,4.510000228881836,4.570000171661377,146800,0,0,-0.05578511826743393,0.18615072560827334,4.966000016530355,5.722563193607128,4.209436839453582,4.684999942779541,5.006999969482422,5.017500042915344,5.419999837875366,8.729999542236328
2020-11-06,4.570000171661377,4.630000114440918,4.389999866485596,4.420000076293945,189300,0,0,-0.032822776746833426,0.18004074190037192,4.947333351771037,5.72865802467655,4.1660086788655235,4.684999942779541,5.006999969482422,5.012500047683716,5.389999866485596,7.78000020980835
2020-11-09,5.0,5.236999988555908,4.690000057220459,4.769999980926514,275900,0,0,0.07918549741882219,0.19429735760340666,4.9363333543141685,5.718040259818523,4.154626448809814,4.7184998989105225,5.006999969482422,5.012500047683716,5.299999952316284,7.170000076293945
2020-11-10,4.760000228881836,4.809999942779541,4.559999942779541,4.730000019073486,160200,0,0,-0.008385736271063426,0.19266803120438,4.925666681925455,5.7095937616181,4.141739602232811,4.7184998989105225,5.006999969482422,5.012500047683716,5.299999952316284,7.340000152587891
2020-11-11,4.800000190734863,4.889999866485596,4.550000190734863,4.75,155700,0,0,0.004228325760225138,0.19348269440389335,4.917000007629395,5.702740970873153,4.1312590443856365,4.7184998989105225,5.006999969482422,5.012500047683716,5.299999952316284,7.489999771118164
2020-11-12,4.699999809265137,4.860000133514404,4.559999942779541,4.860000133514404,173800,0,0,0.023157922845137735,0.19796335171276808,4.917000007629395,5.702740970873153,4.1312590443856365,4.740000009536743,5.006999969482422,5.044999957084656,5.299999952316284,7.610000133514404
2020-11-13,4.940000057220459,5.046999931335449,4.769999980926514,4.929999828338623,196600,0,0,0.014403228992012407,0.20081466319951335,4.92400000890096,5.7063525631087115,4.141647454693209,4.813499927520752,5.006999969482422,5.044999957084656,5.299999952316284,7.539999961853027
2020-11-16,5.039999961853027,5.10099983215332,4.869999885559082,5.010000228881836,223300,0,0,0.01622726233850047,0.20407333542066947,4.919333346684774,5.697923565137845,4.140743128231703,4.813499927520752,5.006999969482422,5.052500009536743,5.299999952316284,8.0
2020-11-17,4.980000019073486,5.28000020980835,4.923999786376953,5.21999979019165,209400,0,0,0.041916078186823524,0.21262728930400812,4.9223333358764645,5.704805802026109,4.13986086972682,4.835000038146973,5.006999969482422,5.170000076293945,5.299999952316284,8.039999961853027
2020-11-18,5.28000020980835,5.429999828338623,5.179999828338623,5.230000019073486,182700,0,0,0.0019157527363558025,0.2130346306153162,4.917333332697551,5.689962842210303,4.144703823184798,4.909999847412109,5.0,5.177000045776367,5.299999952316284,7.659999847412109
2020-11-19,5.230000019073486,5.389999866485596,5.010000228881836,5.349999904632568,120500,0,0,0.02294452870391006,0.2179226098123962,4.9160000006357825,5.6855142350384105,4.1464857662331545,4.990000009536743,4.944999933242798,5.177000045776367,5.299999952316284,7.460000038146973
2020-11-20,5.369999885559082,5.599999904632568,5.264999866485596,5.559999942779541,137700,0,0,0.03925234427857349,0.22647658311883762,4.91966667175293,5.700220368447743,4.139112975058117,5.075000047683716,4.8999998569488525,5.204500079154968,5.299999952316284,7.809999942779541
2020-11-23,5.599999904632568,6.039999961853027,5.559999942779541,5.920000076293945,256700,0,0,0.0647482261185841,0.24114054013318043,4.928000005086263,5.744679472015339,4.1113205381571865,5.295000076293945,5.119999885559082,5.287000060081482,5.299999952316284,7.590000152587891
2020-11-24,5.989999771118164,6.630000114440918,5.929999828338623,6.420000076293945,340000,0,0,0.084459458370989,0.2615071395441166,4.95233333905538,5.89179029073208,4.01287638737868,5.5950000286102295,5.414999961853027,5.2845001220703125,5.299999952316284,8.220000267028809
2020-11-25,6.440000057220459,6.559999942779541,6.360000133514404,6.539999961853027,138400,0,0,0.018691570737231933,0.26639511874119665,4.989000002543132,6.075114826435284,3.9028851786509797,5.700000047683716,5.414999961853027,5.179500102996826,5.299999952316284,8.350000381469727
2020-11-27,6.610000133514404,6.980000019073486,6.570000171661377,6.849999904632568,133500,0,0,0.04740060314797101,0.27902240804520473,5.0359999974568685,6.30197980357325,3.7700201913404876,5.924999952316284,5.5899999141693115,5.162000060081482,5.299999952316284,8.34000015258789
2020-11-30,6.909999847412109,6.909999847412109,6.179999828338623,6.269999980926514,320400,0,0,-0.08467152288773139,0.25539715583621525,5.064666668574016,6.399817506275445,3.7295158308725855,5.95199990272522,5.5899999141693115,5.1570000648498535,5.159999847412109,8.829999923706055
2020-12-01,6.25,6.690000057220459,6.239999771118164,6.559999942779541,319900,0,0,0.04625198767706773,0.26720978194071004,5.114999993642171,6.553309645044733,3.6766903422396098,5.995000123977661,5.5899999141693115,5.1570000648498535,5.131999969482422,9.529999732971191
2020-12-02,6.539999961853027,6.650000095367432,6.301000118255615,6.539999961853027,147300,0,0,-0.0030487776068546246,0.2663951187411967,5.178999996185302,6.691941972664538,3.6660580197060666,5.995000123977661,5.5899999141693115,5.146000027656555,5.131999969482422,9.039999961853027
2020-12-03,6.590000152587891,6.900000095367432,6.590000152587891,6.789999961853027,173300,0,0,0.03822629991715876,0.2765784184466648,5.251666657129923,6.854451666563836,3.64888164769601,6.122499942779541,5.5899999141693115,5.118499994277954,5.131999969482422,9.18000030517578
2020-12-04,6.820000171661377,7.059999942779541,6.650000095367432,7.010000228881836,166900,0,0,0.03240062861042636,0.28553973306441427,5.3293333371480305,7.035561838130259,3.623104836165802,6.309999942779541,5.629999876022339,5.093500018119812,5.131999969482422,8.850000381469727
2020-12-07,7.130000114440918,7.71999979019165,7.130000114440918,7.550000190734863,217100,0,0,0.07703280231406828,0.3075356588743771,5.428000005086263,7.28632470430504,3.569675305867486,6.824999809265137,5.9599997997283936,5.003499984741211,5.0920000076293945,9.6899995803833
2020-12-08,7.550000190734863,8.180000305175781,7.550000190734863,7.989999771118164,380600,0,0,0.05827808864472028,0.3254582492636705,5.542333332697551,7.5846656698374755,3.5000009955576252,7.180000066757202,6.21150016784668,4.848499894142151,5.006999969482422,9.479999542236328
2020-12-09,8.119999885559082,8.164999961853027,7.630000114440918,7.710000038146973,208900,0,0,-0.035043772339433565,0.3140529644704838,5.644333330790202,7.799962704229907,3.4887039573504963,7.180000066757202,6.2850000858306885,4.753499984741211,5.006999969482422,9.510000228881836
2020-12-10,7.559999942779541,7.789999961853027,7.039999961853027,7.690000057220459,236200,0,0,-0.002594031235740535,0.31323830127097047,5.744000005722046,7.989769432511767,3.4982305789323247,7.180000066757202,6.2850000858306885,4.790999889373779,5.006999969482422,9.75
2020-12-11,7.670000076293945,7.75,6.210000038146973,6.389999866485596,476600,0,0,-0.16905073875964916,0.26028513503329537,5.809333340326945,8.012303647047055,3.606363033606835,7.195000171661377,6.2850000858306885,4.8459999561309814,5.006999969482422,9.239999771118164
2020-12-14,6.440000057220459,13.699999809265137,6.440000057220459,8.729999542236328,49250000,0,0,0.3661971400067803,0.35560080706876673,5.959333324432373,8.317986321548686,3.6006803273160606,9.954999923706055,9.044999837875366,4.8459999561309814,5.006999969482422,9.479999542236328
2020-12-15,8.062999725341797,8.069999694824219,6.920000076293945,7.78000020980835,2724800,0,0,-0.10882008960387879,0.31690429538033194,6.0633333365122475,8.458271581535572,3.668395091488924,9.954999923706055,9.125,4.8459999561309814,5.006999969482422,10.0
2020-12-16,7.639999866485596,8.0600004196167,7.019999980926514,7.170000076293945,1137800,0,0,-0.0784061847126134,0.292057038660521,6.138333336512248,8.526312903735095,3.750353769289401,9.954999923706055,9.125,4.862749934196472,5.006999969482422,10.210000038146973
2020-12-17,7.050000190734863,7.550000190734863,6.849999904632568,7.340000152587891,621200,0,0,0.023709912759417362,0.29898168556793575,6.221666669845581,8.597131988041431,3.8462013516497304,9.954999923706055,9.125,4.862749934196472,5.006999969482422,14.6899995803833
2020-12-18,7.320000171661377,7.659999847412109,7.260000228881836,7.489999771118164,869800,0,0,0.020435914906267172,0.3050916498527344,6.318999989827474,8.655002795698765,3.9829971839561833,9.954999923706055,9.129999876022339,4.862749934196472,5.006999969482422,12.960000038146973
2020-12-21,7.389999866485596,7.690000057220459,7.130000114440918,7.610000133514404,416000,0,0,0.01602141068935259,0.3099796484729172,6.425333325068156,8.6958066407908,4.154860009345512,9.954999923706055,9.234999895095825,4.8734999895095825,5.006999969482422,11.970000267028809
2020-12-22,7.519999980926514,7.757999897003174,7.25,7.539999961853027,372900,0,0,-0.009198445523423415,0.30712831756306913,6.517666657765706,8.736399777246923,4.298933538284489,9.954999923706055,9.28499984741211,4.910249948501587,5.006999969482422,11.729999542236328
2020-12-23,7.5,8.220000267028809,7.380000114440918,8.0,660500,0,0,0.06100796292761834,0.32586559057497866,6.626666657129923,8.804578144189998,4.448755170069848,9.954999923706055,9.311999797821045,4.910249948501587,5.006999969482422,11.649999618530272
2020-12-24,8.050000190734863,8.45199966430664,7.960000038146973,8.039999961853027,203900,0,0,0.004999995231628418,0.32749491697400535,6.736333322525025,8.856138011849287,4.616528633200762,10.069999933242798,9.355000019073486,4.921000003814697,5.006999969482422,11.720000267028809
2020-12-28,8.140000343322754,8.229999542236328,7.554999828338623,7.659999847412109,543100,0,0,-0.047263696050234394,0.3120162967601492,6.8296666463216145,8.8558938938923,4.803439398750929,7.6509997844696045,9.355000019073486,4.954999923706055,5.006999969482422,11.970000267028809
2020-12-29,7.579999923706055,7.820000171661377,7.284999847412109,7.460000038146973,419300,0,0,-0.026109636194406094,0.30386966476501587,6.91399998664856,8.824999768323256,5.003000204973863,7.6509997844696045,9.482499837875366,4.9674999713897705,5.006999969482422,13.8100004196167
2020-12-30,7.389999866485596,8.020000457763672,7.321000099182129,7.809999942779541,229800,0,0,0.046916877056679906,0.31812628046805064,7.00733331044515,8.808283426305222,5.2063831945850785,7.6509997844696045,9.629999876022339,4.987499952316284,5.006999969482422,14.93000030517578
2020-12-31,7.889999866485596,7.901000022888184,7.480000019073486,7.590000152587891,255400,0,0,-0.02816898742682361,0.30916498527340397,7.086333322525024,8.771685582945242,5.400981062104806,7.790999889373779,9.81499981880188,5.207499980926514,5.119999885559082,14.6899995803833
2021-01-04,7.650000095367432,8.399999618530273,7.539999961853027,8.220000267028809,461100,0,0,0.08300396597832904,0.3348269051927282,7.185999997456869,8.77178079309979,5.600219201813948,7.790999889373779,9.93999981880188,5.504999995231628,5.414999961853027,14.390000343322754
2021-01-05,8.180000305175781,8.529999732971191,8.020000457763672,8.350000381469727,330900,0,0,0.01581509856664609,0.3401222257011162,7.28600001335144,8.771901311665516,5.800098715037365,7.889999866485596,9.93999981880188,5.557500004768372,5.414999961853027,13.43000030517578
2021-01-06,8.34000015258789,8.899999618530273,8.270000457763672,8.34000015258789,505600,0,0,-0.0011976321467036533,0.3397148843898082,7.378666687011719,8.766580112049233,5.990753261974204,8.092499732971191,9.93999981880188,5.757499933242798,5.5899999141693115,12.960000038146973
2021-01-07,8.369999885559082,9.0600004196167,8.359999656677246,8.829999923706055,305900,0,0,0.058752969083114115,0.35967414248943624,7.475666681925456,8.849014693597239,6.102318670253673,8.172500133514404,9.954999923706055,5.770999908447266,5.5899999141693115,12.619999885559082
2021-01-08,8.920000076293945,9.720000267028809,8.90999984741211,9.529999732971191,435100,0,0,0.07927517727218047,0.3881873738955058,7.5793333371480305,9.080934274844537,6.077732399451523,8.502500057220459,9.954999923706055,5.792500019073486,5.5899999141693115,12.260000228881836
2021-01-11,9.329999923706056,9.329999923706056,8.699999809265137,9.039999961853027,339200,0,0,-0.051416556647205236,0.36822811579587766,7.6626666704813635,9.201088467050822,6.1242448739119055,8.502500057220459,9.954999923706055,5.792500019073486,5.5899999141693115,11.869999885559082
2021-01-12,9.149999618530272,9.520000457763672,9.0,9.18000030517578,250800,0,0,0.015486763707248441,0.37393077761557375,7.740333350499471,9.340416770863627,6.140249930135316,8.520500183105469,9.954999923706055,5.856249928474426,5.5899999141693115,12.640000343322754
2021-01-13,9.170000076293944,9.239999771118164,8.75,8.850000381469727,290700,0,0,-0.035947702912383916,0.3604888251120524,7.826333363850911,9.377980810960448,6.274685916741374,8.600000143051147,9.954999923706055,5.96999990940094,5.629999876022339,12.34000015258789
2021-01-14,9.029999732971191,10.09000015258789,8.973999977111816,9.6899995803833,712000,0,0,0.09491515962783215,0.3947046794916125,7.93066668510437,9.546841519225445,6.314491850983296,8.815000057220459,9.954999923706055,6.392499804496765,5.9599997997283936,11.34000015258789
2021-01-15,9.65999984741211,9.800000190734863,9.1899995803833,9.479999542236328,603300,0,0,-0.021671831500602146,0.38615070618517106,8.028666671117147,9.652134580782436,6.4051987614518575,9.055000305175781,9.954999923706055,6.695750117301941,6.190000057220459,11.18000030517578
2021-01-19,9.699999809265137,9.81999969482422,9.279999732971191,9.510000228881836,430600,0,0,0.003164629545797437,0.3873727301190952,8.119333346684774,9.759582135894377,6.479084557475172,9.180000305175781,9.954999923706055,6.732500076293945,6.190000057220459,8.020000457763672
2021-01-20,9.5600004196167,9.970000267028809,9.484999656677246,9.75,265600,0,0,0.025236568385065494,0.39714868851325524,8.210666672388713,9.89782140411653,6.523511940660897,9.224999904632568,9.954999923706055,6.732500076293945,6.190000057220459,10.380000114440918
2021-01-21,9.699999809265137,9.885000228881836,9.210000038146973,9.239999771118164,168500,0,0,-0.052307715782752395,0.37637474779101104,8.266999991734822,9.974751122251577,6.559248861218067,9.394999980926514,10.069999933242798,6.740000128746033,6.190000057220459,9.880000114440918
2021-01-22,9.229999542236328,9.600000381469728,9.02400016784668,9.479999542236328,256900,0,0,0.025974001846660322,0.38615070618517106,8.316666650772095,10.074892216279755,6.558441085264436,9.394999980926514,8.47000002861023,9.49999988079071,8.949999809265137,9.81999969482422
2021-01-25,9.609999656677246,10.010000228881836,9.270000457763672,10.0,318600,0,0,0.054852371611086026,0.40733198821872335,8.392999982833862,10.235501598779525,6.550498366888199,9.420000076293945,8.47000002861023,9.539999961853027,8.949999809265137,9.31999969482422
2021-01-26,10.06999969482422,10.65999984741211,10.050000190734863,10.210000038146973,706400,0,0,0.021000003814697354,0.4158859615251648,8.476999982198079,10.410558538995701,6.543441425400456,9.704999923706055,8.754999876022339,9.539999961853027,8.949999809265137,10.399999618530272
2021-01-27,9.970000267028809,14.800000190734863,9.859999656677246,14.6899995803833,1856600,0,0,0.4387854579332018,0.5983706736009742,8.753666639328003,11.576955640883817,5.930377637772189,11.88700008392334,10.96500015258789,9.539999961853027,8.949999809265137,12.5600004196167
2021-01-28,14.65999984741211,15.989999771118164,12.699999809265137,12.960000038146973,2878500,0,0,-0.1177671607660582,0.5279022582853137,8.894666655858357,12.093992114417432,5.695341197299281,12.506999969482422,11.559999942779541,9.542499899864197,8.949999809265137,12.06999969482422
2021-01-29,13.15999984741211,13.260000228881836,11.760000228881836,11.970000267028809,764300,0,0,-0.07638887100340741,0.4875764007747494,9.034333324432373,12.387901657029726,5.680764991835019,12.506999969482422,11.619999885559082,9.59499990940094,8.949999809265137,15.010000228881836
2021-02-01,12.039999961853027,12.390000343322754,11.449999809265137,11.729999542236328,375000,0,0,-0.02005018541675052,0.4778004035343838,9.186333306630452,12.600535609810088,5.772131003450816,12.506999969482422,11.637499809265137,9.619999885559082,8.949999809265137,16.34000015258789
2021-02-02,11.699999809265137,12.0600004196167,10.899999618530272,11.649999618530272,463500,0,0,-0.006820113114071269,0.4745417507363304,9.329999955495198,12.783579703839091,5.876420207151305,12.506999969482422,11.637499809265137,9.63349986076355,8.949999809265137,15.890000343322754
2021-02-03,11.579999923706056,12.100000381469728,11.460000038146973,11.720000267028809,327400,0,0,0.006008639552845585,0.47739310106928134,9.470999972025554,12.957602006987464,5.984397937063644,12.506999969482422,11.637499809265137,9.712499976158142,8.949999809265137,16.43000030517578
2021-02-04,11.890000343322754,12.446999549865724,11.619999885559082,11.970000267028809,331700,0,0,0.02133105753447051,0.4875764007747495,9.616333309809367,13.143505107501415,6.089161512117318,12.630000114440918,11.637499809265137,8.502999901771545,8.949999809265137,30.290000915527344
2021-02-05,12.369999885559082,13.93000030517578,12.149999618530272,13.8100004196167,519800,0,0,0.1537176367202049,0.5625254928223875,9.825333325068156,13.57045890895108,6.080207741185232,12.924999713897705,11.655499935150146,8.566749811172485,8.949999809265137,32.005001068115234
2021-02-08,14.0,15.050000190734863,13.770000457763672,14.93000030517578,493400,0,0,0.0811006409506081,0.6081466708413398,10.056333335240682,14.158084951487297,5.954581718994068,12.924999713897705,11.734999895095825,8.640499830245972,8.949999809265137,24.190000534057617
2021-02-09,14.850000381469728,14.989999771118164,14.119999885559082,14.6899995803833,202600,0,0,-0.01607506496227451,0.5983706736009743,10.277999989191692,14.629408172819424,5.92659180556396,13.444999694824219,11.764999866485596,8.80299985408783,8.949999809265137,24.26000022888184
2021-02-10,14.739999771118164,14.920000076293944,13.800000190734863,14.390000343322754,224000,0,0,-0.020422004467662402,0.586150745031377,10.50233333905538,14.981918337875522,6.022748340235237,12.974999904632568,12.005000114440918,8.86549985408783,8.949999809265137,25.309999465942383
2021-02-11,14.34000015258789,15.100000381469728,13.359999656677246,13.43000030517578,461400,0,0,-0.06671299619478,0.5470468726085312,10.70133334795634,15.153144434002645,6.249522261910035,13.0,12.130000114440918,8.914999842643738,8.949999809265137,24.549999237060547
2021-02-12,13.263999938964844,13.975000381469728,12.899999618530272,12.960000038146973,224600,0,0,-0.03499629607958188,0.5279022582853138,10.873000017801921,15.262748700457031,6.48325133514681,13.0,12.174999713897705,9.016249775886536,8.949999809265137,23.700000762939453
2021-02-16,12.890000343322754,13.420000076293944,12.40999984741211,12.619999885559082,646000,0,0,-0.026234579597771646,0.5140529644704843,11.040666675567627,15.29915329305702,6.782180058078233,13.28000020980835,12.34499979019165,9.06375002861023,8.949999809265137,25.06999969482422
2021-02-17,12.630000114440918,12.720000267028809,11.34000015258789,12.260000228881836,580700,0,0,-0.02852612202391458,0.49938902687924425,11.175333340962728,15.323302168611228,7.027364513314228,13.220000267028809,12.34499979019165,9.228749990463257,8.949999809265137,31.780000686645508
2021-02-18,12.25,12.579999923706056,11.640000343322754,11.869999885559082,323200,0,0,-0.031810794130655906,0.48350306535408,11.292666657765706,15.312296496761789,7.273036818769622,13.220000267028809,12.369999885559082,9.228749990463257,8.949999809265137,24.6200008392334
2021-02-19,12.239999771118164,12.8100004196167,12.039999961853027,12.640000343322754,380600,0,0,0.06486945789278797,0.5148676470931004,11.435999997456868,15.329758440218967,7.542241554694769,13.220000267028809,12.369999885559082,9.237750053405762,8.949999809265137,24.40999984741211
2021-02-22,12.59000015258789,13.100000381469728,12.270000457763672,12.34000015258789,316500,0,0,-0.02373419166031454,0.5026476796772976,11.553000005086263,15.336593734633988,7.769406275538538,13.220000267028809,12.48199987411499,9.277500033378601,8.949999809265137,25.309999465942383
2021-02-23,11.710000038146973,11.875,11.05799961090088,11.34000015258789,400100,0,0,-0.08103727614543699,0.4619144808554253,11.61333335240682,15.32345359281896,7.903213111994677,13.078999996185305,12.506999969482422,9.384999990463257,8.949999809265137,26.5
2021-02-24,11.25,11.699999809265137,10.90999984741211,11.18000030517578,318300,0,0,-0.014109333797107326,0.45539717525931855,11.684666697184245,15.275269660702325,8.094063733666164,13.005000114440918,12.506999969482422,9.505000114440918,8.971499919891357,25.0
2021-02-25,11.149999618530272,11.729999542236328,6.75,8.020000457763672,3855700,0,0,-0.2826475636095632,0.3266802731975949,11.64600003560384,15.365474752992778,7.926525318214903,10.362500190734863,11.369999885559082,9.567500114440918,9.044999837875366,25.280000686645508
2021-02-26,8.350000381469727,10.880000114440918,8.25,10.380000114440918,5112300,0,0,0.29426427954784895,0.4228106084325796,11.69700002670288,15.302673303395146,8.091326750010616,10.085000038146973,11.369999885559082,9.589999914169312,9.044999837875366,24.51000022888184
2021-03-01,10.354000091552734,10.529999732971191,9.489999771118164,9.880000114440918,876200,0,0,-0.048169556309001105,0.40244400902164346,11.703333377838135,15.295613077679231,8.111053677997038,9.925000190734863,11.369999885559082,9.732499957084656,9.044999837875366,23.86000061035156
2021-03-02,9.640000343322754,9.880000114440918,9.31999969482422,9.81999969482422,398400,0,0,-0.00607291689490963,0.40000000000000074,11.714666716257732,15.28103754274959,8.148295889765873,9.925000190734863,11.369999885559082,8.932500004768372,9.044999837875366,24.1299991607666
2021-03-03,9.800000190734863,10.079999923706056,9.239999771118164,9.31999969482422,393500,0,0,-0.05091649852734037,0.3796334005890646,11.708333365122478,15.290874766571363,8.125791963673592,9.925000190734863,11.369999885559082,8.945000052452087,9.125,23.8799991607666
2021-03-04,9.25,10.489999771118164,8.920000076293945,10.399999618530272,659300,0,0,0.11587982393452423,0.4236252522089901,11.730000019073486,15.272804225817888,8.187195812329085,9.925000190734863,11.369999885559082,9.229999899864197,9.125,22.26000022888184
2021-03-05,10.279999732971191,15.18000030517578,10.09000015258789,12.5600004196167,2994000,0,0,0.20769239233796033,0.511608994295047,11.840666707356771,15.271807585530285,8.409525829183258,10.96500015258789,11.369999885559082,11.426000118255615,9.675000190734863,22.61000061035156
2021-03-08,11.8100004196167,12.270000457763672,10.800000190734863,12.06999969482422,708200,0,0,-0.03901279525653334,0.49164969734921343,11.927000045776367,15.245411998172353,8.608588093380382,10.96500015258789,10.96500015258789,12.033499956130981,10.274999856948853,23.82999992370605
2021-03-09,12.220000267028809,15.880000114440918,12.06999969482422,15.010000228881836,1684500,0,0,0.2435791721948699,0.6114053236393932,12.094000053405761,15.509878733104472,8.67812137370705,11.315000057220459,11.315000057220459,12.063499927520752,10.379999876022339,24.049999237060547
2021-03-10,14.65999984741211,16.6200008392334,14.59000015258789,16.34000015258789,910900,0,0,0.08860758850269068,0.6655804749647869,12.298333390553791,15.961709918162128,8.634956862945455,12.4350004196167,11.6850004196167,12.07224988937378,10.429999828338623,24.299999237060547
2021-03-11,16.440000534057617,16.6200008392334,15.3100004196167,15.890000343322754,999300,0,0,-0.027539767751707522,0.6472505432641855,12.338333415985108,16.128464919166234,8.54820191280398,12.770000457763672,11.6850004196167,12.07224988937378,10.456999778747559,24.76000022888184
2021-03-12,16.15999984741211,17.200000762939453,15.899999618530272,16.43000030517578,847100,0,0,0.03398363437291829,0.6692464690741483,12.454000091552734,16.513371240179858,8.39462894292561,13.0600004196167,11.975000381469727,12.07224988937378,10.5,25.13999938964844
2021-03-15,17.90999984741211,38.709999084472656,17.860000610351562,30.290000915527344,38054800,0,0,0.843578840712826,1.2338086296068704,13.064666779836019,20.621577005115057,5.5077565545569795,23.8149995803833,22.729999542236328,12.133749961853027,10.5,26.8700008392334
2021-03-16,28.670000076293945,37.97999954223633,27.530000686645508,32.005001068115234,9100800,0,0,0.05661934964514126,1.3036660718017745,13.740500164031982,23.868539606361928,3.6124607217020372,23.8149995803833,22.729999542236328,12.290249824523926,10.62749981880188,27.959999084472656
2021-03-17,29.489999771118164,29.6299991607666,23.01000022888184,24.190000534057617,9817500,0,0,-0.2441806053193124,0.9853361012549671,14.15850019454956,24.91807554389029,3.39892484520883,24.399999618530273,22.729999542236328,12.329999804496765,10.774999856948853,24.65999984741211
2021-03-18,24.43000030517578,25.82999992370605,23.01000022888184,24.26000022888184,3795500,0,0,0.002893745071467446,0.9881874127417126,14.576500193277996,25.881524387720706,3.2714759988352853,24.75499963760376,22.729999542236328,12.604999780654907,10.959999799728394,24.5
2021-03-19,24.36000061035156,26.299999237060547,24.0,25.309999465942383,2473700,0,0,0.04328108933034991,1.030957240427714,15.02116683324178,26.911469516993805,3.1308641494897564,25.389999389648438,22.729999542236328,12.490000009536743,11.084999799728394,24.09000015258789
2021-03-22,25.71999931335449,26.18000030517578,24.450000762939453,24.549999237060547,1031600,0,0,-0.03002766672929036,1.0000000000000018,15.379166793823241,27.736498478647178,3.021835108999303,26.649999618530273,22.729999542236328,12.565000057220459,11.084999799728394,23.959999084472656
2021-03-23,23.93000030517578,24.549999237060547,23.21999931335449,23.700000762939453,1145400,0,0,-0.03462315684466255,0.9653768431553391,15.671500142415365,28.380117678846652,2.9628826059840794,27.009999752044678,22.729999542236328,12.587499856948853,11.084999799728394,25.049999237060547
2021-03-24,24.5,29.100000381469727,24.11000061035156,25.06999969482422,2853800,0,0,0.05780586024398282,1.021181282033554,16.017500146230063,29.15549117571769,2.8795091167424367,27.304999351501465,22.729999542236328,12.8125,11.099999904632568,25.020000457763672
2021-03-25,24.209999084472656,32.970001220703125,24.200000762939453,31.780000686645508,3515100,0,0,0.26765062120070904,1.294501086528371,16.59716682434082,30.87418875085394,2.3201448978277046,28.28499984741211,22.729999542236328,12.78250002861023,11.099999904632568,24.51000022888184
2021-03-26,30.5,31.200000762939453,23.40999984741211,24.6200008392334,1851600,0,0,-0.22529892047550715,1.002851389179158,16.970166842142742,31.478031526095645,2.462302158189839,30.494999885559082,22.729999542236328,12.795000076293945,11.099999904632568,24.09000015258789
2021-03-29,25.36000061035156,26.280000686645508,24.100000381469727,24.40999984741211,992100,0,0,-0.008529690684926372,0.994297377026511,17.35183350245158,32.01816401910061,2.685502985802554,27.99000072479248,22.729999542236328,12.795000076293945,11.099999904632568,25.1299991607666
2021-03-30,24.420000076293945,25.31999969482422,23.56999969482422,25.309999465942383,861800,0,0,0.03687011979337185,1.0309572404277139,17.774833488464356,32.6009503014584,2.948716675470317,27.99000072479248,22.729999542236328,12.8510000705719,11.099999904632568,25.059999465942383
2021-03-31,25.350000381469727,28.299999237060547,25.350000381469727,26.5,1071400,0,0,0.04701701142502612,1.079429768779617,18.249500147501628,33.24863967019245,3.250360624810801,28.09500026702881,22.729999542236328,12.792999982833862,11.099999904632568,26.149999618530277
2021-04-01,28.100000381469727,28.176000595092773,24.48500061035156,25.0,778500,0,0,-0.05660377358490565,1.0183299705468085,18.68716681798299,33.68244044670339,3.6918931892625917,28.09500026702881,22.729999542236328,12.75600004196167,11.099999904632568,24.940000534057617
2021-04-05,24.989999771118164,26.125,24.63999938964844,25.280000686645508,776600,0,0,0.011200027465820384,1.0297352941862008,19.108500162760418,34.11071390268052,4.106286422840315,28.09500026702881,23.479999542236328,10.866250038146973,11.099999904632568,25.229999542236328
2021-04-06,25.280000686645508,25.549999237060547,24.040000915527344,24.51000022888184,572000,0,0,-0.030458878039921533,0.9983707124471806,19.514166831970215,34.42083035428886,4.607503309651571,28.190000534057617,23.8149995803833,10.727499961853027,11.099999904632568,23.25
2021-04-07,24.170000076293945,24.489999771118164,23.36000061035156,23.86000061035156,591400,0,0,-0.0265197720302075,0.9718941487514455,19.931500180562338,34.60007649285869,5.26292386826599,28.165000915527344,23.8149995803833,10.647500038146973,11.214999914169312,23.549999237060547
2021-04-08,24.0,25.209999084472656,23.450000762939453,24.1299991607666,449400,0,0,0.01131594901543731,0.9828920533871187,20.36316680908203,34.73731265218477,5.989020965979295,27.280000686645508,23.8149995803833,10.647500038146973,11.369999885559082,25.549999237060547
2021-04-09,24.11000061035156,24.75,23.65999984741211,23.8799991607666,386200,0,0,-0.010360547397219921,0.9727087536816507,20.89183343251546,34.56522397263268,7.218442892398244,25.829999923706055,23.8149995803833,10.647500038146973,11.369999885559082,26.01000022888184
2021-04-12,23.479999542236328,24.076000213623047,21.940000534057617,22.26000022888184,683900,0,0,-0.0678391536355798,0.9067210150979678,21.28783343633016,34.400755948740695,8.174910923919622,25.119999885559082,24.399999618530273,10.647500038146973,11.369999885559082,26.51000022888184
2021-04-13,21.899999618530277,24.40900039672852,20.649999618530277,22.61000061035156,1083900,0,0,0.01572328741558593,0.9209776502241049,21.712166786193848,34.130919114744,9.293414457643689,24.47499942779541,24.75499963760376,11.167500019073486,11.369999885559082,25.90999984741211
2021-04-14,22.540000915527344,24.540000915527344,21.700000762939453,23.82999992370605,742400,0,0,0.05395839364975252,0.9706721248175213,22.179166793823242,33.80752083395613,10.55081275369035,24.413000106811523,25.389999389648438,10.96500015258789,11.369999885559082,25.780000686645508
2021-04-15,23.631000518798828,24.5,23.30500030517578,24.049999237060547,573900,0,0,0.009232031643258143,0.9796334005890652,22.670166778564454,33.291812678180364,12.048520878948546,23.387499809265137,26.649999618530273,11.315000057220459,11.369999885559082,26.209999084472656
2021-04-16,23.76000022888184,24.729999542236328,23.06999969482422,24.299999237060547,409600,0,0,0.010395010724771891,0.9898167002945333,23.13350009918213,32.744637986590476,13.52236221177378,23.09999942779541,27.009999752044678,12.0600004196167,11.6850004196167,24.700000762939453
2021-04-19,24.6200008392334,24.950000762939453,23.229999542236328,24.76000022888184,496600,0,0,0.018930082562296224,1.0085540121526484,23.540166759490965,32.32978061846761,14.750552900514323,22.929999351501465,27.304999351501465,12.227500438690186,11.6850004196167,24.0
2021-04-20,24.989999771118164,25.790000915527344,23.815000534057617,25.13999938964844,525700,0,0,0.015347300373743211,1.024032593520299,23.975833415985107,31.683869319796504,16.26779751217371,23.22000026702881,28.28499984741211,12.517500400543213,11.975000381469727,24.920000076293945
2021-04-21,25.489999771118164,27.15999984741211,24.63999938964844,26.8700008392334,740000,0,0,0.06881469735823842,1.0945010865283704,24.371166769663493,31.38925992307767,17.353073616249315,23.90499973297119,29.3149995803833,23.272499561309814,22.729999542236328,24.690000534057617
2021-04-22,26.850000381469727,29.940000534057617,26.774999618530277,27.959999084472656,685100,0,0,0.04056562006681186,1.138900201767193,24.758500067392983,31.22529031844379,18.291709816342177,25.295000076293945,26.8100004196167,23.272499561309814,22.729999542236328,24.43000030517578
2021-04-23,27.96999931335449,28.190000534057617,24.56999969482422,24.65999984741211,864300,0,0,-0.11802572765079855,1.0044806767319787,25.050833384195965,30.624191452900753,19.477475315491176,25.295000076293945,26.8100004196167,23.5649995803833,22.729999542236328,24.6200008392334
2021-04-26,25.100000381469727,25.11000061035156,23.934999465942383,24.5,614500,0,0,-0.00648823391736153,0.9979633711358721,25.31983337402344,29.899136412773554,20.740530335273323,25.820000648498535,26.8100004196167,23.742499589920044,22.729999542236328,24.729999542236328
2021-04-27,24.43000030517578,26.0,23.8799991607666,24.09000015258789,639900,0,0,-0.016734687649473834,0.9812627658342973,25.113166681925456,29.323667132909964,20.902666230940948,26.505000114440918,26.8100004196167,24.059999465942383,22.729999542236328,24.09000015258789
2021-04-28,24.0,24.325000762939453,23.15999984741211,23.959999084472656,355900,0,0,-0.005396474358314585,0.9759674064797036,24.84499994913737,28.210524118156894,21.47947578011785,26.505000114440918,26.8100004196167,24.6899995803833,22.729999542236328,24.709999084472656
2021-04-29,23.96999931335449,25.270000457763672,23.57200050354004,25.049999237060547,347600,0,0,0.04549249558587287,1.0203665994109372,24.8736665725708,28.231079522107386,21.516253623034217,26.550000190734863,26.8100004196167,24.869999647140503,22.729999542236328,26.399999618530277
2021-04-30,25.049999237060547,25.479999542236328,23.934999465942383,25.020000457763672,488000,0,0,-0.0011975560962290688,1.0191446531694242,24.89899991353353,28.24901810346779,21.54898172359927,26.550000190734863,26.8100004196167,25.017499446868896,22.729999542236328,26.86000061035156
2021-05-03,25.334999084472656,25.81999969482422,24.06999969482422,24.51000022888184,518400,0,0,-0.020383701820580136,0.99837071244718,24.872333272298178,28.22158161127331,21.523084933323045,26.550000190734863,25.925000190734863,25.50749969482422,22.729999542236328,26.790000915527344
2021-05-04,24.11000061035156,24.5,23.56999969482422,24.09000015258789,325800,0,0,-0.017135865865844924,0.9812627658342971,24.856999969482423,28.21614326072828,21.497856678236566,26.550000190734863,25.295000076293945,26.612499713897705,22.729999542236328,26.34000015258789
2021-05-05,24.600000381469727,26.75,24.32999992370605,25.1299991607666,707300,0,0,0.04317139898676947,1.0236252522089904,24.904666582743328,28.2374368510248,21.571896314461856,25.675000190734863,25.295000076293945,25.360000133514404,22.729999542236328,27.600000381469727
2021-05-06,25.0,25.354999542236328,23.82200050354004,25.059999465942383,410800,0,0,-0.0027855032694750204,1.020773940722245,24.9043332417806,28.237039713540195,21.571626770021002,24.954999923706055,25.295000076293945,25.360000133514404,22.729999542236328,28.43000030517578
2021-05-07,25.13999938964844,26.43000030517578,25.13999938964844,26.149999618530277,299100,0,0,0.04349561755056097,1.0651731336534787,24.71666653951009,26.93253575234704,22.50079732667314,24.954999923706055,25.295000076293945,25.41249990463257,22.729999542236328,25.549999237060547
2021-05-10,25.549999237060547,25.549999237060547,24.26000022888184,24.940000534057617,499300,0,0,-0.046271476180643534,1.0158860003713703,24.72733319600423,26.94431169863672,22.51035469337174,24.954999923706055,25.295000076293945,25.41249990463257,22.729999542236328,25.71999931335449
2021-05-11,24.530000686645508,25.56999969482422,23.549999237060547,25.229999542236328,591600,0,0,0.01162786695945317,1.0276985876296596,24.75466651916504,26.975512375716118,22.53382066261396,25.149999618530273,25.295000076293945,25.78749990463257,22.729999542236328,25.32999992370605
2021-05-12,24.809999465942383,25.40399932861328,23.020000457763672,23.25,671600,0,0,-0.07847798565837094,0.9470468726085312,24.685999870300293,26.960308114818726,22.41169162578186,24.885000228881836,25.295000076293945,26.00250005722046,22.729999542236328,25.200000762939453
2021-05-13,23.68000030517578,24.399999618530277,23.209999084472656,23.549999237060547,603300,0,0,0.012903192991851498,0.9592668011781285,24.587666511535645,26.79427021008446,22.38106281298683,24.885000228881836,25.295000076293945,25.990000247955322,22.729999542236328,25.0
2021-05-14,23.540000915527344,25.729999542236328,23.540000915527344,25.549999237060547,459700,0,0,0.08492569277253348,1.040733198821873,24.605999819437663,26.83488280306465,22.377116835810675,24.885000228881836,25.295000076293945,25.547500133514404,22.729999542236328,24.770000457763672
2021-05-17,25.549999237060547,27.799999237060547,25.13999938964844,26.01000022888184,652400,0,0,0.018003953250771865,1.0594705106799884,24.630333137512206,26.903329780109882,22.35733649491453,25.40999984741211,25.295000076293945,24.822499752044678,22.729999542236328,24.81999969482422
2021-05-18,25.3700008392334,27.670000076293945,25.347999572753903,26.51000022888184,519400,0,0,0.0192233754555986,1.0798371100909245,24.696999804178873,27.066591660785797,22.32740794757195,25.40999984741211,25.295000076293945,24.759999752044678,22.729999542236328,25.420000076293945
2021-05-19,26.059999465942383,27.100000381469727,25.01000022888184,25.90999984741211,371300,0,0,-0.022632982885305575,1.0553971752593188,24.765333112080892,27.152489612552323,22.37817661160946,25.40999984741211,25.820000648498535,24.614999532699585,22.729999542236328,24.729999542236328
2021-05-20,26.26000022888184,26.540000915527344,24.81999969482422,25.780000686645508,397600,0,0,-0.005017335450875571,1.0501018935971362,24.820333162943523,27.222292163935972,22.418374161951075,25.40999984741211,26.480000495910645,24.90149974822998,22.729999542236328,24.190000534057617
2021-05-21,25.59000015258789,26.799999237060547,25.06999969482422,26.209999084472656,361000,0,0,0.016679533994345297,1.067617103828916,24.897999827067057,27.32372085788863,22.472278796245483,25.40999984741211,26.480000495910645,25.018749713897705,22.729999542236328,23.76000022888184
2021-05-24,26.65999984741211,28.84000015258789,24.170000076293945,24.700000762939453,972100,0,0,-0.057611536599700086,1.0061100419772107,24.97933317820231,27.20220739540047,22.75645896100415,25.93000030517578,26.480000495910645,25.054999589920044,22.729999542236328,24.40999984741211
2021-05-25,24.8700008392334,25.479999542236328,23.920000076293945,24.0,437200,0,0,-0.028340110984520828,0.9775967717249356,25.02566649119059,27.103175230405736,22.948157751975447,26.024999618530273,26.480000495910645,25.117499351501465,22.729999542236328,25.90999984741211
2021-05-26,24.15999984741211,25.100000381469727,23.899999618530277,24.920000076293945,613500,0,0,0.038333336512247795,1.0150713177487547,25.06199982961019,27.092491229768775,23.031508429451605,26.190000534057617,26.480000495910645,25.75250005722046,22.729999542236328,25.450000762939453
2021-05-27,24.940000534057617,25.11100006103516,23.950000762939453,24.690000534057617,728900,0,0,-0.009229516112847946,1.0057027006659027,25.083333206176757,27.084270670628698,23.082395741724817,26.369999885559082,26.480000495910645,26.609999656677246,22.729999542236328,24.18000030517578
2021-05-28,24.93000030517578,25.5,24.030000686645508,24.43000030517578,416300,0,0,-0.010530588224297088,0.9951120596491266,25.087666575113932,27.08239340286005,23.092939747367815,26.369999885559082,25.93000030517578,26.052500247955322,22.729999542236328,23.399999618530277
2021-06-01,24.40999984741211,25.100000381469727,23.950000762939453,24.6200008392334,510000,0,0,0.007777344727145419,1.0028513891791575,25.08299992879232,27.08139890345469,23.084600954129947,26.369999885559082,25.93000030517578,26.052500247955322,22.729999542236328,23.96999931335449
2021-06-02,24.690000534057617,25.01000022888184,23.780000686645508,24.729999542236328,500800,0,0,0.00446785943352368,1.007331988218724,25.069333267211913,27.071565190007803,23.067101344416024,26.3100004196167,25.93000030517578,26.315000534057617,22.729999542236328,24.350000381469727
2021-06-03,24.31999969482422,24.700000762939453,23.530000686645508,24.09000015258789,432200,0,0,-0.025879474383142753,0.9812627658342972,24.976666577657063,26.893001392683683,23.060331762630444,26.1850004196167,25.93000030517578,26.65750026702881,22.729999542236328,24.059999465942383
2021-06-04,24.239999771118164,24.979999542236328,24.19499969482422,24.709999084472656,522700,0,0,0.025736775755817565,1.0065173055961079,24.86833324432373,26.435531108442873,23.301135380204585,26.1850004196167,25.93000030517578,26.65750026702881,22.729999542236328,23.700000762939453
2021-06-07,24.82999992370605,26.75,24.5,26.399999618530277,840100,0,0,0.06839338715797805,1.0753564333589474,24.926333236694337,26.583971103849933,23.26869536953874,25.140000343322754,25.93000030517578,26.68000030517578,22.729999542236328,22.149999618530277
2021-06-08,26.86000061035156,27.584999084472656,26.434999465942383,26.86000061035156,311700,0,0,0.01742428024500442,1.094093745217062,25.004999923706055,26.79228923665033,23.21771061076178,25.557499885559082,25.93000030517578,26.68000030517578,22.729999542236328,22.88999938964844
2021-06-09,27.07999992370605,27.989999771118164,26.46999931335449,26.790000915527344,403700,0,0,-0.002606094312493701,1.0912424337303168,25.09499994913737,26.95870143700604,23.2312984612687,25.760000228881836,25.93000030517578,26.237500190734863,22.729999542236328,22.489999771118164
2021-06-10,26.690000534057617,26.799999237060547,25.565000534057617,26.34000015258789,303400,0,0,-0.01679734033449154,1.0729124631835099,25.174333318074545,27.040626834315404,23.308039801833687,25.760000228881836,25.93000030517578,25.922500133514404,22.729999542236328,21.1200008392334
2021-06-11,26.350000381469727,27.649999618530277,26.325000762939453,27.600000381469727,370300,0,0,0.04783599930078375,1.1242363030221585,25.259333356221518,27.316447821263584,23.202218891179452,25.760000228881836,25.93000030517578,25.485000133514404,22.729999542236328,22.57999992370605
2021-06-14,27.770000457763672,29.059999465942383,27.01000022888184,28.43000030517578,723400,0,0,0.030072460588200123,1.1580448549366162,25.37300001780192,27.71917014087267,23.026829894731172,26.295000076293945,26.039999961853027,25.125,22.729999542236328,22.459999084472656
2021-06-15,28.600000381469727,28.600000381469727,24.770000457763672,25.549999237060547,770200,0,0,-0.10130147862119154,1.0407331988218738,25.407666651407876,27.732581630631863,23.08275167218389,26.295000076293945,26.039999961853027,25.125,22.729999542236328,21.84000015258789
2021-06-16,25.40999984741211,26.57999992370605,25.179000854492188,25.71999931335449,483800,0,0,0.006653623536996278,1.0476578457292884,25.461999956766764,27.737175064736142,23.186824848797386,26.6274995803833,26.039999961853027,25.125,22.729999542236328,21.770000457763672
2021-06-17,25.5,26.020000457763672,24.5,25.32999992370605,443500,0,0,-0.015163273719293602,1.0317719230503297,25.468666648864748,27.741099696597725,23.19623360113177,26.77999973297119,26.039999961853027,25.22249984741211,23.479999542236328,21.270000457763672
2021-06-18,25.11000061035156,25.36000061035156,23.5,25.200000762939453,3163100,0,0,-0.005132221127443937,1.0264766413881474,25.47333335876465,27.74298172503838,23.203684992490917,26.27999973297119,26.13499927520752,25.09000015258789,23.8149995803833,20.68000030517578
2021-06-21,25.21999931335449,25.6299991607666,24.600000381469727,25.0,542100,0,0,-0.007936537971601432,1.0183299705468085,25.435000038146974,27.696523518725076,23.173476557568872,26.27999973297119,26.27999973297119,25.09000015258789,23.8149995803833,22.71999931335449
2021-06-22,24.71999931335449,25.020000457763672,24.1299991607666,24.770000457763672,343800,0,0,-0.00919998168945313,1.0089613534639565,25.429333368937176,27.696596854381166,23.162069883493185,26.27999973297119,26.27999973297119,25.09000015258789,23.8149995803833,22.799999237060547
2021-06-23,24.56999969482422,25.1200008392334,24.479999542236328,24.81999969482422,408400,0,0,0.0020185400135863674,1.010997982328086,25.41566670735677,27.692432396058436,23.138901018655105,26.27999973297119,26.27999973297119,25.352499961853027,23.8149995803833,21.489999771118164
2021-06-24,25.1200008392334,26.049999237060547,24.989999771118164,25.420000076293945,347300,0,0,0.024174068849599717,1.0354379171596915,25.488000043233235,27.61909774020645,23.35690234626002,26.27999973297119,26.27999973297119,25.352499961853027,24.399999618530273,21.75
2021-06-25,25.5,25.51000022888184,24.25,24.729999542236328,2396700,0,0,-0.027144002045109916,1.0073319882187244,25.527333386739095,27.55563511002221,23.49903166345598,26.050000190734863,26.27999973297119,25.615000247955322,24.75499963760376,21.989999771118164
2021-06-28,24.96999931335449,25.309999465942383,24.01499938964844,24.190000534057617,433300,0,0,-0.021835787229047332,0.9853361012549671,25.482000096639,27.56591180851626,23.398088384761735,25.039999961853027,26.27999973297119,25.945000171661377,25.389999389648438,21.32999992370605
2021-06-29,24.38999938964844,24.38999938964844,23.34000015258789,23.76000022888184,408800,0,0,-0.01777595269460086,0.9678208133307763,25.407000096639,27.56945510935,23.244545083928,24.69499969482422,26.199999809265137,25.945000171661377,26.649999618530273,22.100000381469727
2021-06-30,23.700000762939453,24.73500061035156,23.26000022888184,24.40999984741211,494800,0,0,0.02735688603824804,0.9942973770265109,25.33700008392334,27.488104723975948,23.18589544387073,24.65499973297119,26.15999984741211,26.205000400543213,27.009999752044678,21.6299991607666
2021-07-01,24.76000022888184,25.96999931335449,24.5,25.90999984741211,414400,0,0,0.06145022570162073,1.0553971752593194,25.33700008392334,27.488104723975948,23.18589544387073,24.65499973297119,26.15999984741211,26.25250005722046,27.304999351501465,22.739999771118164
2021-07-02,26.07999992370605,26.334999084472656,25.0,25.450000762939453,307700,0,0,-0.017753727795509877,1.0366599410936155,25.326000086466472,27.47133569054539,23.180664482387552,24.797499656677246,26.15999984741211,26.33500051498413,28.28499984741211,23.43000030517578
2021-07-06,25.32999992370605,25.32999992370605,24.13999938964844,24.18000030517578,385400,0,0,-0.04990178466371831,0.984928759943659,25.258333460489908,27.41581430851934,23.100852612460475,24.797499656677246,26.15999984741211,26.425000190734863,29.3149995803833,23.649999618530277
2021-07-07,24.38999938964844,24.46999931335449,23.1200008392334,23.399999618530277,628600,0,0,-0.03225809250624967,0.9531568368933308,25.215000089009603,27.465207825171685,22.96479235284752,24.727499961853027,26.09000015258789,26.15000009536743,26.8100004196167,24.6200008392334
2021-07-08,22.90999984741211,24.40999984741211,22.700000762939453,23.96999931335449,293000,0,0,0.024358961714376903,0.976374747791012,25.214000066121418,27.46637821343238,22.961621918810454,24.517499923706055,25.880000114440918,26.15000009536743,26.8100004196167,24.5
2021-07-09,24.13999938964844,24.5,23.790000915527344,24.350000381469727,139000,0,0,0.01585319478517988,0.9918534068510737,25.195000076293944,27.466389535437852,22.923610617150036,24.517499923706055,25.880000114440918,26.12000036239624,26.8100004196167,23.600000381469727
2021-07-12,24.399999618530277,24.57999992370605,23.96999931335449,24.059999465942383,243000,0,0,-0.011909688336105062,0.9800407419003734,25.174000040690103,27.474939997470244,22.873060083909962,24.517499923706055,25.880000114440918,26.05750036239624,26.8100004196167,23.850000381469727
2021-07-13,23.899999618530277,24.34000015258789,23.21999931335449,23.700000762939453,188600,0,0,-0.014962539941553943,0.9653768431553389,25.14966672261556,27.496250871581328,22.803082573649792,24.517499923706055,25.880000114440918,26.05750036239624,26.8100004196167,23.21999931335449
2021-07-14,23.920000076293945,23.920000076293945,21.88999938964844,22.149999618530277,552800,0,0,-0.06540089006380834,0.9022403383659903,25.067333348592122,27.643048840201327,22.491617856982916,24.112499237060547,25.47499942779541,25.535000324249268,26.8100004196167,20.270000457763672
2021-07-15,22.09000015258789,23.34000015258789,22.06999969482422,22.88999938964844,589300,0,0,0.033408568120204096,0.9323828961710865,25.006000010172524,27.695292330230547,22.3167076901145,24.112499237060547,25.47499942779541,25.74375009536743,26.8100004196167,20.399999618530277
2021-07-16,23.09000015258789,23.290000915527344,22.325000762939453,22.489999771118164,187600,0,0,-0.01747486366081641,0.9160896321808196,24.952666664123534,27.77195787581167,22.1333754524354,23.609999656677246,25.47499942779541,25.84500026702881,25.925000190734863,21.200000762939453
2021-07-19,22.350000381469727,22.38999938964844,20.899999618530277,21.1200008392334,440100,0,0,-0.06091591577711486,0.8602851933026047,24.833000055948894,27.968215057240105,21.697785054657682,22.739999771118164,24.979999542236328,25.84500026702881,25.295000076293945,20.93000030517578
2021-07-20,21.049999237060547,22.690000534057617,21.049999237060547,22.57999992370605,421300,0,0,0.06912874178302575,0.9197556262901808,24.705666732788085,27.885647279519088,21.525686186057083,22.739999771118164,24.979999542236328,25.84500026702881,25.295000076293945,21.43000030517578
2021-07-21,22.799999237060547,22.799999237060547,22.1299991607666,22.459999084472656,167800,0,0,-0.005314474740427677,0.9148676082468954,24.55900001525879,27.73390548066105,21.384094549856528,22.739999771118164,24.75,26.167500019073486,25.295000076293945,21.0
2021-07-22,22.459999084472656,22.520000457763672,21.799999237060547,21.84000015258789,192600,0,0,-0.02760458402304178,0.8896130684850847,24.393999989827474,27.602086967350328,21.18591301230462,22.739999771118164,23.739999771118164,26.167500019073486,25.295000076293945,22.670000076293945
2021-07-23,22.06999969482422,22.20499992370605,21.165000915527344,21.770000457763672,151000,0,0,-0.003205114209485216,0.8867617569983394,24.241666666666667,27.49897405356539,20.984359279767943,22.619999885559082,23.617499351501465,26.333749771118164,25.295000076293945,21.6200008392334
2021-07-26,21.8799991607666,21.93000030517578,21.209999084472656,21.270000457763672,185000,0,0,-0.022967385828496334,0.8663951575874032,24.030666669209797,27.210114758545885,20.85121857987371,22.40999984741211,23.617499351501465,26.40999984741211,25.295000076293945,21.71999931335449
2021-07-27,21.309999465942383,21.309999465942383,20.530000686645508,20.68000030517578,271900,0,0,-0.027738605542555916,0.8423625640671056,23.772333335876464,26.733258573438395,20.811408098314534,21.9350004196167,23.432499885559082,26.207499504089355,25.295000076293945,22.31999969482422
2021-07-28,20.729999542236328,23.06999969482422,20.729999542236328,22.71999931335449,276500,0,0,0.09864598540011316,0.9254582492636713,23.678000005086265,26.586572902233186,20.769427107939343,21.910000801086426,23.432499885559082,26.27999973297119,25.295000076293945,22.799999237060547
2021-07-29,22.8700008392334,24.190000534057617,22.5049991607666,22.799999237060547,350700,0,0,0.003521123508970936,0.9287169020617246,23.580666669209798,26.404122226707376,20.75721111171222,22.360000610351562,23.432499885559082,26.27999973297119,25.295000076293945,22.32999992370605
2021-07-30,22.479999542236328,22.739999771118164,21.26000022888184,21.489999771118164,238200,0,0,-0.057456118849908866,0.875356433358947,23.452666664123534,26.295274625356477,20.61005870289059,22.360000610351562,23.432499885559082,26.27999973297119,25.295000076293945,21.57999992370605
2021-08-02,21.96999931335449,22.690000534057617,21.6299991607666,21.75,259800,0,0,0.012098661314611459,0.8859470743757232,23.33766663869222,26.16741028659546,20.50792299078898,22.360000610351562,23.432499885559082,26.27999973297119,25.295000076293945,21.18000030517578
2021-08-03,21.84000015258789,22.049999237060547,20.790000915527344,21.989999771118164,182100,0,0,0.01103447223531795,0.8957230327698833,23.237333297729492,26.037686053705414,20.43698054175357,22.360000610351562,23.432499885559082,26.164999961853027,25.820000648498535,20.549999237060547
2021-08-04,21.729999542236328,22.43000030517578,21.049999237060547,21.32999992370605,193200,0,0,-0.030013635938230476,0.8688391277628403,23.122666613260904,25.9440945504339,20.30123867608791,22.360000610351562,23.432499885559082,25.65999984741211,26.480000495910645,20.96999931335449
2021-08-05,21.3700008392334,22.450000762939453,21.25,22.100000381469727,329400,0,0,0.03609941211991763,0.9002037095018609,23.03199996948242,25.804128048756883,20.259871890207958,22.360000610351562,23.432499885559082,25.447499752044678,26.480000495910645,20.1299991607666
2021-08-06,22.25,22.25,21.149999618530277,21.6299991607666,329500,0,0,-0.02126702319413576,0.8810590563324378,22.90566660563151,25.575168269204912,20.236164942058107,22.360000610351562,23.432499885559082,25.40749979019165,26.480000495910645,19.459999084472656
2021-08-09,21.950000762939453,22.979999542236328,21.399999618530277,22.739999771118164,252000,0,0,0.051317644633335435,0.9262729318862877,22.839333279927573,25.422259235812508,20.256407324042637,22.460000038146973,23.432499885559082,25.40749979019165,26.480000495910645,20.0
2021-08-10,22.809999465942383,23.795000076293945,22.20800018310547,23.43000030517578,280900,0,0,0.030343031706358214,0.9543788608272546,22.813999938964844,25.35830915578899,20.269690722140698,22.49000072479248,22.93000030517578,25.478749752044678,26.480000495910645,20.299999237060547
2021-08-11,23.38999938964844,23.8700008392334,22.86000061035156,23.649999618530277,215500,0,0,0.009389641932949333,0.9633401365987987,22.810333251953125,25.349523920417894,20.271142583488356,22.33000087738037,22.55500030517578,25.478749752044678,26.480000495910645,20.88999938964844
2021-08-12,23.739999771118164,24.700000762939453,23.43000030517578,24.6200008392334,337500,0,0,0.04101485143124939,1.002851389179158,22.817333285013834,25.375093530173253,20.259573039854416,22.7450008392334,22.61500072479248,25.40875005722046,26.039999961853027,19.350000381469727
2021-08-13,24.780000686645508,24.82999992370605,23.88999938964844,24.5,352200,0,0,-0.004874120030173623,0.9979633711358724,22.770333290100098,25.145499847259394,20.3951667329408,22.8100004196167,22.68000030517578,25.198750019073486,25.880000114440918,19.46999931335449
2021-08-16,24.5,24.84000015258789,23.32999992370605,23.600000381469727,314100,0,0,-0.036734678307358104,0.9613035077346695,22.708666610717774,24.89184762444205,20.525485596993498,22.94499969482422,22.6850004196167,25.198750019073486,25.880000114440918,19.309999465942383
2021-08-17,23.1299991607666,24.149999618530277,22.81999969482422,23.850000381469727,460600,0,0,0.010593220167754547,0.9714868074401376,22.697666613260903,24.854420279160426,20.54091294736138,22.994999885559082,22.6850004196167,25.198750019073486,25.880000114440918,19.299999237060547
2021-08-18,23.86000061035156,24.270000457763672,22.709999084472656,23.21999931335449,273900,0,0,-0.026415138701830654,0.9458248486746077,22.69166660308838,24.841606561100583,20.541726645076174,22.994999885559082,22.6850004196167,25.198750019073486,25.880000114440918,18.600000381469727
2021-08-19,22.790000915527344,23.09000015258789,20.125,20.270000457763672,511200,0,0,-0.12704560477287297,0.8256619587655311,22.56833330790202,24.831556587396378,20.30511002840766,22.482500076293945,22.482500076293945,24.79374933242798,25.47499942779541,19.049999237060547
2021-08-20,20.59000015258789,20.972999572753903,19.399999618530277,20.399999618530277,402700,0,0,0.006413377298016387,0.8309572404277137,22.436666615804036,24.729178112877324,20.144155118730747,22.119999885559082,22.119999885559082,24.79374933242798,25.47499942779541,18.1299991607666
2021-08-23,20.600000381469727,21.81999969482422,20.53499984741211,21.200000762939453,590100,0,0,0.03921574310631337,0.8635438461006579,22.34133332570394,24.593664966428044,20.089001684979834,22.119999885559082,22.119999885559082,24.542499542236328,25.47499942779541,17.600000381469727
2021-08-24,21.239999771118164,21.64800071716309,20.559999465942383,20.93000030517578,303000,0,0,-0.012735870190894949,0.8525458637725738,22.248999977111815,24.49809805543175,19.99990189879188,22.119999885559082,22.119999885559082,23.859999656677246,24.979999542236328,17.8799991607666
2021-08-25,20.989999771118164,21.530000686645508,20.649999618530277,21.43000030517578,335000,0,0,0.023889153975614308,0.8729124631835099,22.225,24.4929748044021,19.957025195597904,22.119999885559082,22.119999885559082,23.859999656677246,24.979999542236328,17.739999771118164
2021-08-26,21.43000030517578,21.790000915527344,20.87299919128418,21.0,281500,0,0,-0.020065342932912955,0.855397175259319,22.16200002034505,24.457243341760766,19.866756698929336,22.119999885559082,22.119999885559082,23.744999885559082,24.979999542236328,17.239999771118164
2021-08-27,21.020000457763672,22.81999969482422,21.0,22.670000076293945,447600,0,0,0.07952381315685453,0.9234216203995422,22.16800003051758,24.467550594574476,19.86844946646068,21.835000038146973,22.119999885559082,23.239999771118164,24.979999542236328,17.510000228881836
2021-08-30,22.82999992370605,22.975000381469727,21.399999618530277,21.6200008392334,259000,0,0,-0.04631668431966762,0.8806517927135407,22.184666697184245,24.460873797000822,19.908459597367667,21.835000038146973,22.119999885559082,23.118749618530273,24.979999542236328,16.1299991607666
2021-08-31,21.61000061035156,22.13999938964844,21.350000381469727,21.71999931335449,323600,0,0,0.004625276144283319,0.8847250504417989,22.156000010172527,24.433224579112306,19.878775441232747,21.244999885559082,22.119999885559082,23.013749599456787,24.979999542236328,16.389999389648438
2021-09-01,21.459999084472656,22.46999931335449,21.459999084472656,22.31999969482422,286500,0,0,0.027624327828630335,0.9091649852734047,22.151333363850913,24.426632440012348,19.876034287689478,21.1875,22.119999885559082,22.68375015258789,24.795000076293945,15.960000038146973
2021-09-02,22.530000686645508,23.18000030517578,22.399999618530277,22.799999237060547,322700,0,0,0.0215053561289984,0.9287169020617249,22.183333333333334,24.467149234544202,19.899517432122465,21.857500076293945,22.119999885559082,22.671250343322754,24.795000076293945,16.09000015258789
2021-09-03,22.6200008392334,22.88999938964844,22.01000022888184,22.32999992370605,242900,0,0,-0.02061400566147953,0.9095723265847128,22.20199998219808,24.48117710256236,19.922822861833797,21.869999885559082,22.119999885559082,22.896250247955322,24.795000076293945,16.309999465942383
2021-09-07,22.309999465942383,22.65999984741211,21.239999771118164,21.57999992370605,340200,0,0,-0.03358710266737541,0.8790224274683085,22.212333297729494,24.477373812338357,19.94729278312063,21.914999961853027,22.119999885559082,22.896250247955322,24.795000076293945,16.389999389648438
2021-09-08,21.670000076293945,21.670000076293945,20.299999237060547,21.18000030517578,288100,0,0,-0.0185356635748114,0.8627291634780418,22.22899996439616,24.455978926982333,20.002021001809986,21.739999771118164,22.119999885559082,22.896250247955322,24.795000076293945,16.790000915527344
2021-09-09,20.899999618530277,21.450000762939453,20.5,20.549999237060547,307000,0,0,-0.029745092494700254,0.8370672047125122,22.156666628519694,24.45452272290965,19.858810534129738,21.739999771118164,22.119999885559082,22.896250247955322,24.795000076293945,16.280000686645508
2021-09-10,20.86000061035156,21.399999618530277,20.209999084472656,20.96999931335449,288100,0,0,0.020437960675760092,0.8541751513253949,22.095666631062826,24.41882597578515,19.772507286340502,21.69499969482422,22.119999885559082,22.896250247955322,24.795000076293945,16.010000228881836
2021-09-13,21.149999618530277,21.149999618530277,20.030000686645508,20.1299991607666,322100,0,0,-0.040057233194707,0.8199592580996294,22.05033327738444,24.46945466882373,19.63121188594515,21.605000495910645,22.119999885559082,22.896250247955322,24.795000076293945,16.030000686645508
2021-09-14,20.190000534057617,20.63500022888184,19.420000076293945,19.459999084472656,251900,0,0,-0.03328366141215622,0.7926680117812785,21.97399991353353,24.56357284401324,19.384426983053817,21.300000190734863,22.119999885559082,22.896250247955322,24.795000076293945,15.979999542236328
2021-09-15,19.290000915527344,20.100000381469727,19.20499992370605,20.0,355200,0,0,0.027749277540214168,0.814663976437447,21.90766658782959,24.591797043542893,19.223536132116283,21.192500114440918,22.022500038146973,22.946249961853027,24.795000076293945,16.280000686645508
2021-09-16,20.06999969482422,20.34000015258789,19.8700008392334,20.299999237060547,271500,0,0,0.014999961853027433,0.8268839050070443,21.873333231608072,24.611589164859115,19.13507729835703,21.047499656677246,22.022500038146973,22.71000051498413,24.795000076293945,16.219999313354492
2021-09-17,20.5,20.989999771118164,19.649999618530277,20.88999938964844,879100,0,0,0.029064048017832578,0.850916498527342,21.83299986521403,24.592141922265903,19.07385780816216,20.932499885559082,22.022500038146973,22.442500591278076,24.795000076293945,15.489999771118164
2021-09-20,20.309999465942383,20.459999084472656,19.030000686645508,19.350000381469727,309300,0,0,-0.07371943768183287,0.7881874127417121,21.756999905904134,24.655475515266858,18.85852429654141,20.350000381469727,21.9350004196167,22.68000078201294,24.795000076293945,15.369999885559082
2021-09-21,19.56999969482422,20.132999420166016,19.36000061035156,19.46999931335449,162400,0,0,0.006201495065585538,0.7930753530925865,21.647999890645345,24.634436495043822,18.661563286246867,20.24000072479248,21.9350004196167,22.74500036239624,24.795000076293945,14.399999618530272
2021-09-22,19.76000022888184,19.81999969482422,19.200000762939453,19.309999465942383,159600,0,0,-0.008217763382372678,0.78655804749648,21.510666529337566,24.535116930760378,18.486216127914755,20.21500015258789,21.65000057220459,22.81500005722046,24.795000076293945,14.56999969482422
2021-09-23,19.520000457763672,19.700000762939453,18.81999969482422,19.299999237060547,482300,0,0,-0.0005178782578152408,0.7861507061851719,21.365666516621907,24.38309108747734,18.348241945766475,19.984999656677246,21.545000076293945,22.84000015258789,24.795000076293945,14.210000038146973
2021-09-24,19.190000534057617,19.299999237060547,18.520000457763672,18.600000381469727,249000,0,0,-0.036269372189749016,0.7576375136253078,21.164999834696452,24.08991553043986,18.240084138953044,19.755000114440918,20.850000381469727,22.84000015258789,24.795000076293945,14.829999923706056
2021-09-27,18.51000022888184,19.489999771118164,18.31999969482422,19.049999237060547,283400,0,0,0.024193486363534245,0.7759674064797037,20.98333314259847,23.729820082790166,18.236846202406777,19.65499973297119,20.75,22.482500076293945,24.59249973297119,15.4399995803833
2021-09-28,18.93000030517578,19.0,18.030000686645508,18.1299991607666,239100,0,0,-0.04829396919366513,0.7384928604558847,20.800999768575032,23.55464476481968,18.047354772330383,19.510000228881836,20.605000495910645,22.119999885559082,24.229999542236328,15.619999885559082
2021-09-29,18.26000022888184,18.465999603271484,17.399999618530273,17.600000381469727,228000,0,0,-0.029233248970236825,0.7169043148034354,20.5926664352417,23.337829387696726,17.847503482786674,19.19499969482422,20.289999961853027,22.119999885559082,24.229999542236328,15.380000114440918
2021-09-30,17.65999984741211,18.424999237060547,17.520000457763672,17.8799991607666,323700,0,0,0.015909021206140128,0.7283095607504166,20.414666430155435,23.147864088418373,17.681468771892497,18.929999351501465,20.289999961853027,22.119999885559082,24.229999542236328,14.760000228881836
2021-10-01,17.93000030517578,18.38500022888184,17.110000610351562,17.739999771118164,356400,0,0,-0.007829943860155897,0.7226069377769261,20.330333073933918,23.22636399147271,17.434302156395127,18.62150001525879,20.145000457763672,22.119999885559082,24.229999542236328,14.75
2021-10-04,17.780000686645508,17.780000686645508,16.860000610351562,17.239999771118164,306200,0,0,-0.028184893261049004,0.70224033836599,20.224999745686848,23.32457378413282,17.125425707240876,18.34000015258789,20.020000457763672,22.119999885559082,24.0,15.279999732971191
2021-10-05,17.34000015258789,17.729999542236328,16.510000228881836,17.510000228881836,359800,0,0,0.015661279660571514,0.7132383206940741,20.101999727884927,23.326556308670717,16.877443147099136,18.105000495910645,19.84500026702881,21.977499961853027,22.989999771118164,14.140000343322754
2021-10-06,17.219999313354492,17.260000228881836,16.0,16.1299991607666,363200,0,0,-0.07881216733732499,0.65702646281214,19.941999689737955,23.448443051783322,16.435556327692588,17.744999885559082,19.59000015258789,21.977499961853027,22.867499351501465,14.420000076293944
2021-10-07,16.229999542236328,16.979999542236328,15.75,16.389999389648438,321900,0,0,0.016119047886514526,0.6676171038289161,19.773999659220376,23.456525597989852,16.0914737204509,17.619999885559082,19.46500015258789,21.682499885559082,22.867499351501465,13.979999542236328
2021-10-08,16.25,16.5,15.869999885559082,15.960000038146973,178800,0,0,-0.026235470867255972,0.6501018547509309,19.605999660491943,23.50172735585817,15.710271965125717,17.375,19.46500015258789,21.65374994277954,22.867499351501465,13.479999542236328
2021-10-11,16.049999237060547,16.559999465942383,15.850000381469728,16.09000015258789,142300,0,0,0.008145370559536236,0.655397175259319,19.386666329701743,23.308336433896976,15.464996225506509,17.107999801635742,19.31999969482422,21.988749980926514,22.867499351501465,13.609999656677246
2021-10-12,16.229999542236328,16.739999771118164,16.110000610351562,16.309999465942383,213500,0,0,0.013673046070115102,0.6643584510308629,19.209666283925376,23.190646247992817,15.228686319857937,17.087499618530273,19.204999923706055,21.994999885559082,22.867499351501465,13.489999771118164
2021-10-13,16.290000915527344,16.65999984741211,16.09000015258789,16.389999389648438,203700,0,0,0.004904961761225346,0.6676171038289161,19.03199961980184,23.024638642082227,15.039360597521455,17.067500114440918,18.710000038146973,22.017499923706055,22.867499351501465,13.5
2021-10-14,16.68000030517578,17.219999313354492,16.239999771118164,16.790000915527344,247000,0,0,0.02440521908326243,0.683910445511594,18.84766632715861,22.725794837901628,14.96953781641559,16.765000343322754,18.600000381469727,21.929999828338623,22.867499351501465,13.449999809265137
2021-10-15,17.100000381469727,17.139999389648438,16.149999618530273,16.280000686645508,237700,0,0,-0.030375235322958716,0.6631365047893497,18.630333042144777,22.325767648661248,14.934898435628305,16.739999771118164,18.574999809265137,21.929999828338623,22.867499351501465,13.350000381469728
2021-10-18,16.65999984741211,16.65999984741211,15.770000457763672,16.010000228881836,263100,0,0,-0.016584794003427383,0.6521385224612655,18.419666385650636,21.96596634396233,14.873366427338945,16.505000114440918,18.449999809265137,21.90749979019165,22.867499351501465,13.210000038146973
2021-10-19,15.920000076293944,16.360000610351562,15.43000030517578,16.030000686645508,373900,0,0,0.0012492478124761508,0.6529532050838817,18.23466641108195,21.680480375591518,14.788852446572381,16.324999809265137,18.210000038146973,21.862500190734863,22.867499351501465,12.970000267028809
2021-10-20,16.0,16.34000015258789,15.850000381469728,15.979999542236328,131900,0,0,-0.003119222848869563,0.6509164985273415,18.061333052317302,21.419677429817845,14.702988674816758,16.324999809265137,18.210000038146973,21.710000038146973,22.867499351501465,12.050000190734863
2021-10-21,16.049999237060547,16.290000915527344,15.960000038146973,16.280000686645508,152100,0,0,0.01877353898642209,0.6631365047893498,17.918999767303468,21.205010922301838,14.632988612305098,16.324999809265137,18.210000038146973,21.607500076293945,22.769999504089355,11.859999656677246
2021-10-22,16.190000534057617,16.260000228881836,15.8100004196167,16.219999313354492,227800,0,0,-0.003685587884540764,0.6606924569215015,17.760666433970133,20.8987433107128,14.622589557227467,16.324999809265137,18.210000038146973,21.53499984741211,22.26749992370605,12.359999656677246
2021-10-25,16.18000030517578,16.420000076293945,15.40999984741211,15.489999771118164,203400,0,0,-0.04500613891119554,0.6309572404277133,17.605999787648518,20.719167633182757,14.492831942114279,16.3149995803833,17.934999465942383,21.477499961853027,22.022500038146973,11.859999656677246
2021-10-26,15.5600004196167,15.859999656677246,15.170000076293944,15.369999885559082,316400,0,0,-0.007746926231905316,0.6260692612306332,17.469666481018066,20.60413869758127,14.335194264454863,16.19499969482422,17.65149974822998,21.142500400543213,21.9350004196167,12.609999656677246
2021-10-27,15.289999961853027,15.289999961853027,14.34000015258789,14.399999618530272,243200,0,0,-0.06310997230001125,0.5865580474964794,17.282999801635743,20.458930132731425,14.107069470540061,15.739999771118164,17.079999923706055,21.08750057220459,21.9350004196167,12.06999969482422
2021-10-28,14.43000030517578,14.640000343322754,13.699999809265137,14.56999969482422,539000,0,0,0.011805561166487122,0.5934826944038943,17.091999816894532,20.20821638010729,13.975783253681774,15.179999828338623,16.700000286102295,20.93250036239624,21.9350004196167,12.329999923706056
2021-10-29,14.779999732971191,14.779999732971191,14.18000030517578,14.210000038146973,254100,0,0,-0.024708281689609923,0.5788187568126543,16.86933317184448,19.819453196315187,13.919213147373775,15.059999942779541,16.59499979019165,20.764999866485596,21.829999923706055,13.109999656677246
2021-11-01,14.329999923706056,14.920000076293944,14.09000015258789,14.829999923706056,494000,0,0,0.04363123743101216,0.6040733354206704,16.718666489919027,19.608085459356555,13.8292475204815,15.059999942779541,16.59499979019165,20.302500247955322,21.68000030517578,13.43000030517578
2021-11-02,14.979999542236328,15.460000038146973,14.579999923706056,15.4399995803833,427800,0,0,0.041132815901242736,0.6289205727173786,16.584333165486655,19.321274086521267,13.847392244452042,15.059999942779541,16.34999990463257,20.202499866485596,21.579999923706055,12.899999618530272
2021-11-03,15.3100004196167,15.760000228881836,15.06999969482422,15.619999885559082,320700,0,0,0.011658051170187367,0.6362525609361013,16.461333179473876,19.024488263227376,13.898178095720377,15.059999942779541,16.08299970626831,20.05750036239624,21.4350004196167,12.960000038146973
2021-11-04,15.619999885559082,15.619999885559082,15.06999969482422,15.380000114440918,227000,0,0,-0.01536490223281295,0.6264766025419413,16.330666542053223,18.694850731137745,13.9664823529687,15.059999942779541,16.062499523162842,19.742499828338623,21.119999885559082,12.75
2021-11-05,15.479999542236328,15.720000267028809,14.479999542236328,14.760000228881836,310700,0,0,-0.04031208588723867,0.6012220239339251,16.20266653696696,18.476178564476687,13.929154509457232,14.779999732971191,16.042500019073486,19.609999656677246,21.119999885559082,12.859999656677246
2021-11-08,15.079999923706056,15.25,14.579999923706056,14.75,211900,0,0,-0.0006775222714608953,0.6008146826226171,16.05933322906494,18.13123745933951,13.987428998790373,14.730000019073486,15.740000247955322,19.38325023651123,20.975000381469727,13.210000038146973
2021-11-09,15.34000015258789,16.350000381469727,15.170000076293944,15.279999732971191,548300,0,0,0.03593218528618247,0.6224032671212718,15.964333248138427,17.905826509633545,14.02283998664331,15.025000095367432,15.714999675750732,19.18000030517578,20.850000381469727,12.600000381469728
2021-11-10,15.0600004196167,15.494999885559082,13.869999885559082,14.140000343322754,324300,0,0,-0.07460729120227316,0.5759674453259088,15.848999913533529,17.799130028705953,13.898869798361105,15.110000133514404,15.480000019073486,18.975000381469727,20.675000190734863,12.579999923706056
2021-11-11,14.149999618530272,14.489999771118164,13.845000267028809,14.420000076293944,246200,0,0,0.019801960832583232,0.5873727301190955,15.733666610717773,17.597593486323245,13.869739735112303,15.097500324249268,15.459999561309814,18.667500019073486,20.420000076293945,10.630000114440918
2021-11-12,14.479999542236328,14.579999923706056,13.670000076293944,13.979999542236328,144300,0,0,-0.030513213018699137,0.5694501008835967,15.608333269755045,17.421051719295775,13.795614820214313,15.010000228881836,15.444999694824219,18.542500019073486,20.295000076293945,10.579999923706056
2021-11-15,14.170000076293944,14.170000076293944,13.359999656677246,13.479999542236328,327600,0,0,-0.03576538028412679,0.5490835014726605,15.482999928792317,17.34603599912058,13.619963858464056,14.855000019073486,15.28999948501587,18.420000076293945,20.295000076293945,10.579999923706056
2021-11-16,13.520000457763672,13.670000076293944,13.100000381469728,13.609999656677246,322800,0,0,0.009643925731124492,0.5543788219810486,15.35299990971883,17.17623350070599,13.52976631873167,14.725000381469727,15.15999984741211,18.21399974822998,20.295000076293945,10.979999542236328
2021-11-17,13.630000114440918,13.90999984741211,13.19499969482422,13.489999771118164,333100,0,0,-0.00881703810331902,0.5494908427839685,15.264999930063883,17.181559242203434,13.348440617924332,14.725000381469727,15.15999984741211,18.146249771118164,20.295000076293945,10.470000267028809
2021-11-18,13.630000114440918,13.68000030517578,13.020000457763672,13.5,379300,0,0,0.0007413068236847842,0.5498981840952766,15.168666617075603,17.138776902809443,13.198556331341761,14.6850004196167,15.119999885559082,17.888750076293945,20.295000076293945,10.229999542236328
2021-11-19,13.210000038146973,13.65999984741211,12.960000038146973,13.449999809265137,272100,0,0,-0.003703717832212128,0.5478615163849418,15.084999942779541,17.125061535402928,13.044938350156155,14.65500020980835,15.049999713897705,17.68250036239624,20.295000076293945,9.970000267028809
2021-11-22,13.489999771118164,13.984999656677246,13.116000175476074,13.350000381469728,249400,0,0,-0.007434901800260518,0.543788219810478,14.993666617075602,17.089773645441166,12.897559588710038,14.227499961853027,14.809999942779541,17.65749979019165,20.295000076293945,9.800000190734863
2021-11-23,13.390000343322754,13.390000343322754,12.510000228881836,13.210000038146973,381300,0,0,-0.0104869168031696,0.5380855579907818,14.890333302815755,17.021798244636955,12.758868360994557,13.545000076293945,14.46500015258789,17.477499961853027,20.295000076293945,9.68000030517578
2021-11-24,13.0,13.0600004196167,12.579999923706056,12.970000267028809,249900,0,0,-0.018168037125292136,0.5283095995966218,14.776333332061768,16.940143941783223,12.612522722340312,13.545000076293945,14.46500015258789,17.267499923706055,20.135000228881836,10.399999618530272
2021-11-26,12.510000228881836,12.779999732971191,11.859999656677246,12.050000190734863,296800,0,0,-0.07093292654994687,0.4908350535728028,14.618333307902018,16.861178042435952,12.375488573368084,13.014999866485596,14.139999866485596,17.267499923706055,20.135000228881836,10.170000076293944
2021-11-29,12.420000076293944,12.579999923706056,11.739999771118164,11.859999656677246,317000,0,0,-0.01576767892532538,0.483095724042772,14.470999940236409,16.8345141090477,12.10748577142512,12.862499713897705,14.079999923706055,17.267499923706055,20.135000228881836,9.68000030517578
2021-11-30,11.609999656677246,12.470000267028809,11.550000190734863,12.359999656677246,780900,0,0,0.042158517240638904,0.5034623234537081,14.349333254496257,16.75847017361521,11.940196335377305,12.767499923706055,13.985000133514404,17.267499923706055,20.135000228881836,9.65999984741211
2021-12-01,12.539999961853027,12.5600004196167,11.720000267028809,11.859999656677246,1235600,0,0,-0.04045307555731892,0.4830957240427719,14.210333220163982,16.695058839143567,11.725607601184397,12.767499923706055,13.950000286102295,17.124999523162842,20.125,9.520000457763672
2021-12-02,11.8100004196167,12.670000076293944,11.755000114440918,12.609999656677246,314800,0,0,0.06323777586095836,0.5136456231591761,14.097999890645346,16.557292454428786,11.638707326861907,12.767499923706055,13.950000286102295,16.9232497215271,20.005000114440918,9.8100004196167
2021-12-03,12.609999656677246,12.609999656677246,11.93000030517578,12.06999969482422,465200,0,0,-0.042823154365994376,0.49164969734921327,13.957666524251302,16.383356423426548,11.531976625076055,12.767499923706055,13.950000286102295,16.40999984741211,19.59000015258789,9.56999969482422
2021-12-06,12.140000343322754,12.40999984741211,11.81999969482422,12.329999923706056,287900,0,0,0.021541030278014572,0.5022403383659894,13.827999877929688,16.171097735630884,11.484902020228494,12.470000267028809,13.950000286102295,15.940000057220459,18.985000133514404,9.380000114440918
2021-12-07,12.520000457763672,13.395999908447266,12.479999542236328,13.109999656677246,364300,0,0,0.06326031936719945,0.5340122225701122,13.748666540781658,16.02187464307431,11.475458438489007,12.473000049591064,13.950000286102295,15.827499866485596,18.985000133514404,8.829999923706055
2021-12-08,13.210000038146973,13.489999771118164,12.869999885559082,13.43000030517578,198000,0,0,0.024408898312636484,0.547046872608531,13.683999888102214,15.878557777922481,11.489441998281947,12.519999980926514,13.950000286102295,15.827499866485596,18.44000005722046,8.819999694824219
2021-12-09,13.279999732971191,13.489999771118164,12.800999641418455,12.899999618530272,478200,0,0,-0.03946393705153162,0.5254582492636707,13.633999888102213,15.829372544616614,11.438627231587812,12.519999980926514,13.950000286102295,15.704999923706055,18.44000005722046,8.09000015258789
2021-12-10,12.550000190734863,13.210000038146973,12.550000190734863,12.960000038146973,410900,0,0,0.004651195456665924,0.5279022582853135,13.580333232879639,15.760318853880477,11.4003476118788,12.519999980926514,13.950000286102295,15.571499824523926,18.44000005722046,7.849999904632568
2021-12-13,12.850000381469728,13.520000457763672,12.550000190734863,12.75,718400,0,0,-0.016203706599448364,0.519348284978872,13.531666564941407,15.718384373641452,11.344948756241362,12.62000036239624,13.950000286102295,15.561249732971191,18.44000005722046,7.699999809265137
2021-12-14,12.510000228881836,13.125,12.420000076293944,12.859999656677246,488600,0,0,0.00862742405311745,0.523828922864644,13.46599988937378,15.611008239935378,11.320991538812182,12.637500286102295,13.950000286102295,15.411249876022339,18.44000005722046,7.300000190734863
2021-12-15,12.920000076293944,13.350000381469728,12.25,13.210000038146973,668400,0,0,0.027216204573380143,0.5380855579907815,13.391666571299234,15.409486021761218,11.373847120837251,12.670000076293945,13.950000286102295,15.235000133514404,18.44000005722046,7.699999809265137
2021-12-16,13.149999618530272,13.484999656677246,12.5600004196167,12.600000381469728,670300,0,0,-0.04617711240845779,0.5132383206940735,13.290999921162923,15.150186681831226,11.43181316049462,12.670000076293945,13.522500038146973,15.369999885559082,18.44000005722046,7.260000228881836
2021-12-17,12.40999984741211,13.0,12.350000381469728,12.579999923706056,2188400,0,0,-0.0015873378696944496,0.5124236380714574,13.197666581471761,14.903784539294294,11.491548623649228,12.885000228881836,13.065000057220459,15.295000076293945,18.44000005722046,6.960000038146973
2021-12-20,12.31999969482422,12.449999809265137,10.609999656677246,10.630000114440918,606600,0,0,-0.1550079349039193,0.43299390813804745,13.059999910990397,14.89998249154825,11.220017330432544,12.065000057220459,12.59499979019165,15.278749942779541,18.44000005722046,6.400000095367432
2021-12-21,10.880000114440918,10.880000114440918,10.100000381469728,10.579999923706056,687800,0,0,-0.004703686754145564,0.4309572404277128,12.920999908447266,14.856237716149204,10.985762100745328,11.8100004196167,12.135000228881836,15.227499961853027,18.425000190734863,6.389999866485596
2021-12-22,10.56999969482422,10.6899995803833,10.234999656677246,10.579999923706056,402900,0,0,0.0,0.4309572404277128,12.764333248138428,14.67126725094431,10.857399245332546,11.8100004196167,12.042500019073486,15.072499752044678,18.269999980926514,6.75
2021-12-23,10.600000381469728,11.229999542236328,10.420000076293944,10.979999542236328,402100,0,0,0.037807147581732314,0.4472505044179794,12.658999888102214,14.59894143560538,10.719058340599048,11.8100004196167,12.042500019073486,14.942500114440918,17.994999885559086,6.75
2021-12-27,10.9399995803833,10.9399995803833,10.390000343322754,10.470000267028809,213800,0,0,-0.04644802335789955,0.42647660254194075,12.527333227793376,14.50683570032945,10.547830755257301,11.792500019073486,12.042500019073486,14.942500114440918,17.880000114440918,6.440000057220459
2021-12-28,10.4399995803833,10.800000190734863,10.18000030517578,10.229999542236328,403100,0,0,-0.022922704744169797,0.4167006053015752,12.402333227793376,14.470165670088063,10.334500785498689,11.792500019073486,12.042500019073486,14.90250015258789,17.34500026702881,5.929999828338623
2021-12-29,10.15999984741211,10.25,9.859999656677246,9.970000267028809,237600,0,0,-0.02541537505784508,0.4061100031310046,12.285333251953125,14.487923521848613,10.082742982057637,11.672499656677246,11.922499656677246,14.852499961853027,17.205000400543213,6.150000095367432
2021-12-30,9.93000030517578,10.300000190734863,9.699999809265137,9.800000190734863,328200,0,0,-0.017051160656047615,0.39918535622358986,12.158333269755046,14.476328606374302,9.840337933135789,11.349999904632568,11.610000133514404,14.518749952316284,17.179999828338623,6.25
2021-12-31,9.93000030517578,10.100000381469728,9.609999656677246,9.68000030517578,306800,0,0,-0.01224488604322016,0.39429737702650974,12.031333287556967,14.457798797915608,9.604867777198326,11.029999732971191,11.565000057220459,14.005000114440918,16.829999923706055,6.099999904632568
2022-01-03,9.68000030517578,10.4399995803833,9.640000343322754,10.399999618530272,437800,0,0,0.07438009200986473,0.4236252522089899,11.927999941507975,14.359481063824763,9.496518819191188,10.419999599456787,11.565000057220459,14.005000114440918,16.75,6.230000019073486
2022-01-04,10.449999809265137,10.470000267028809,9.970000267028809,10.170000076293944,329500,0,0,-0.022115341410832823,0.4142566351261379,11.818666617075602,14.261438994110557,9.375894240040646,10.419999599456787,11.565000057220459,13.577499866485596,16.424999713897705,5.889999866485596
2022-01-05,10.220000267028809,10.274999618530272,9.649999618530272,9.68000030517578,481300,0,0,-0.04818090142008391,0.3942973770265098,11.696333281199138,14.186900413963059,9.205766148435217,10.419999599456787,11.565000057220459,13.47124981880188,16.364999771118164,5.789999961853027
2022-01-06,9.68000030517578,10.09000015258789,9.40999984741211,9.65999984741211,354600,0,0,-0.002066162926975923,0.3934826944038938,11.577999941507976,14.106451720779479,9.049548162236473,10.174999713897705,11.46500015258789,13.37625002861023,16.269999980926514,5.570000171661377
2022-01-07,9.800000190734863,9.989999771118164,9.43000030517578,9.520000457763672,373500,0,0,-0.014492690668721164,0.3877800714304032,11.462999947865804,14.040767370341715,8.885232525389892,10.105000019073486,11.46500015258789,13.358750104904175,16.00499963760376,5.760000228881836
2022-01-10,9.510000228881836,9.9350004196167,9.390000343322754,9.8100004196167,298800,0,0,0.03046217940215845,0.39959269753489796,11.388333288828532,14.022539708817334,8.75412686883973,9.930000305175781,11.455000400543213,13.358750104904175,15.84149980545044,5.71999979019165
2022-01-11,9.720000267028809,9.949999809265137,9.390000343322754,9.56999969482422,294700,0,0,-0.024464904640835505,0.38981670029453247,11.311999956766764,14.018363612521577,8.60563630101195,9.930000305175781,11.455000400543213,13.358750104904175,15.684999942779541,5.409999847412109
2022-01-12,9.640000343322754,9.880000114440918,9.232999801635742,9.380000114440918,508500,0,0,-0.0198536662948966,0.3820774096107071,11.21266663869222,13.97566452451248,8.44966875287196,9.851500034332275,11.376500129699707,13.210000276565552,15.625000476837158,5.150000095367432
2022-01-13,9.479999542236328,9.729999542236328,8.739999771118164,8.829999923706055,420900,0,0,-0.05863541407511441,0.3596741424894362,11.11166664759318,13.990928306437032,8.232404988749328,9.605000019073486,11.130000114440918,13.21150016784668,15.519999980926514,4.889999866485596
2022-01-14,8.84000015258789,8.84000015258789,8.40999984741211,8.819999694824219,464400,0,0,-0.0011325287619752267,0.35926680117812815,10.985333315531413,13.92217179862639,8.048494832436436,9.440000057220459,10.96500015258789,13.235000133514404,15.519999980926514,4.570000171661377
2022-01-18,8.609999656677246,8.699999809265137,8.039999961853027,8.09000015258789,649700,0,0,-0.08276639087240656,0.32953158468434,10.852666664123536,13.936447830455776,7.768885497791295,9.15749979019165,10.78000020980835,13.235000133514404,15.275000095367432,5.010000228881836
2022-01-19,8.289999961853027,8.609999656677246,7.78000020980835,7.849999904632568,973000,0,0,-0.029666284725414882,0.3197556068670772,10.703333330154418,13.916790762941156,7.48987589736768,8.93500018119812,10.65000033378601,13.235000133514404,15.007999897003174,5.019999980926514
2022-01-20,8.100000381469727,8.425000190734863,7.679999828338623,7.699999809265137,664900,0,0,-0.019108292635635737,0.3136456231591758,10.523000001907349,13.782551702138141,7.263448301676556,8.834999799728394,10.582499742507935,13.285000324249268,14.987499713897705,4.989999771118164
2022-01-21,7.599999904632568,7.880000114440918,7.239999771118164,7.300000190734863,681900,0,0,-0.051948003693320643,0.2973523591689091,10.318666664759318,13.592098212873049,7.045235116645587,8.59499979019165,10.362499713897705,13.293750286102295,14.967500209808351,4.699999809265137
2022-01-24,7.090000152587891,7.760000228881836,6.980000019073486,7.699999809265137,1226900,0,0,0.054794466860145,0.3136456231591758,10.145333337783814,13.404424077103158,6.88624259846447,8.464999914169312,10.232499837875366,13.31000018119812,14.665000438690186,4.739999771118164
2022-01-25,7.389999866485596,7.630000114440918,6.980000019073486,7.260000228881836,399700,0,0,-0.05714280406265271,0.29572303276988243,9.955333344141643,13.200570911667732,6.710095776615553,8.430000066757202,9.990000009536743,13.096250057220459,14.639999866485596,4.25
2022-01-26,7.400000095367432,7.53000020980835,6.880000114440918,6.960000038146973,373400,0,0,-0.041322339018860954,0.2835030653540796,9.762333345413207,13.008476773439732,6.516189917386683,8.304999828338623,9.664999961853027,12.975000143051147,14.40500020980835,4.309999942779541
2022-01-27,7.010000228881836,7.170000076293945,6.340000152587891,6.400000095367432,590100,0,0,-0.08045976145262135,0.2606924763446034,9.54700002670288,12.79963962770585,6.29436042569991,7.590000152587891,8.78499984741211,12.329999923706055,13.91499948501587,4.510000228881836
2022-01-28,6.340000152587891,6.534999847412109,6.039999961853027,6.389999866485596,1420300,0,0,-0.001562535739503268,0.26028513503329537,9.319666687647501,12.46881626073882,6.1705171145561835,7.369999885559082,8.634999752044678,11.972500324249268,13.65999984741211,4.710000038146973
2022-01-31,6.309999942779541,6.75,6.309999942779541,6.75,526000,0,0,0.056338050240429594,0.2749490920476382,9.124666674931843,12.160338308249028,6.088995041614659,7.324999809265137,8.634999752044678,11.926250219345093,13.65999984741211,5.739999771118164
2022-02-01,6.570000171661377,6.760000228881836,6.389999866485596,6.75,588900,0,0,0.0,0.2749490920476382,8.930333344141642,11.799240350988182,6.061426337295103,7.232500076293945,8.489999771118164,11.926250219345093,13.65999984741211,5.730000019073486
2022-02-02,6.71999979019165,6.71999979019165,6.239999771118164,6.440000057220459,655600,0,0,-0.04592591744882091,0.2623218027436301,8.790666675567627,11.721871480264696,5.859461870870558,6.960000038146973,8.420000076293945,11.917500019073486,13.65999984741211,5.010000228881836
2022-02-03,6.139999866485596,6.380000114440918,5.840000152587891,5.929999828338623,790600,0,0,-0.0791925814208696,0.24154786202138587,8.635666672388712,11.661621962709322,5.6097113820681015,6.800000190734863,8.15500020980835,11.917500019073486,13.65999984741211,
2022-02-04,5.920000076293945,6.400000095367432,5.860000133514404,6.150000095367432,1089400,0,0,0.03709954020191675,0.2505091766391353,8.488000011444091,11.551890312717203,5.424109710170979,6.735000133514404,8.15500020980835,11.797499656677246,13.499999523162842,
2022-02-07,6.130000114440918,6.389999866485596,6.025000095367432,6.25,368300,0,0,0.016260146842582035,0.25458249263670196,8.330333360036214,11.351836752734355,5.308829967338072,6.68500018119812,8.15500020980835,11.480000019073486,13.179999828338623,
2022-02-08,6.085000038146973,6.260000228881836,5.849999904632568,6.099999904632568,657700,0,0,-0.02400001525878903,0.24847250892880057,8.184666681289674,11.200896738519084,5.168436624060264,6.505000114440918,8.15500020980835,11.297499895095825,13.014999866485596,
2022-02-09,6.199999809265137,6.539999961853027,6.110000133514404,6.230000019073486,573900,0,0,0.02131149450382641,0.2537678294371887,8.051333363850912,11.047823282997998,5.054843444703826,6.300000190734863,8.15500020980835,10.992499828338623,13.014999866485596,
2022-02-10,6.010000228881836,6.440000057220459,5.769999980926514,5.889999866485596,550600,0,0,-0.054574663169656756,0.2399185356223592,7.915333350499471,10.921427542073264,4.909239158925678,6.265000104904175,8.022499799728394,10.992499828338623,13.014999866485596,
2022-02-11,5.900000095367432,6.099999904632568,5.730000019073486,5.789999961853027,634800,0,0,-0.016977912886139923,0.23584521962479255,7.78166667620341,10.79719990998184,4.76613344242498,6.245000123977661,7.9100000858306885,10.992499828338623,13.014999866485596,
2022-02-14,5.869999885559082,5.900000095367432,5.519999980926514,5.570000171661377,275200,0,0,-0.03799650978257374,0.22688392443014585,7.64466667175293,10.67607635519542,4.613256988310439,6.119999885559082,7.754999876022339,10.819999933242798,12.914999961853027,
2022-02-15,5.730000019073486,5.929999828338623,5.630000114440918,5.760000228881836,430500,0,0,0.03411131981415849,0.23462323453707393,7.490000025431315,10.41561407704225,4.564385973820381,6.0299999713897705,7.734999895095825,10.785000085830688,12.880000114440918,
2022-02-16,5.679999828338623,5.800000190734863,5.360000133514404,5.71999979019165,890600,0,0,-0.006944520329984494,0.2329938887149445,7.341666682561239,10.158640947575922,4.5246924175465555,5.950000047683716,7.6549999713897705,10.692500352859497,12.87000036239624,
2022-02-17,5.630000114440918,5.730000019073486,5.340000152587891,5.409999847412109,462600,0,0,-0.054195796180117384,0.22036659941093642,7.199333333969117,9.960638492127035,4.438028175811198,5.940000057220459,7.610000133514404,10.692500352859497,12.87000036239624,
2022-02-18,5.349999904632568,5.400000095367432,5.070000171661377,5.150000095367432,581000,0,0,-0.04805910524545565,0.20977597781726307,7.04900000890096,9.748860540564314,4.349139477237607,5.805000066757202,7.3999998569488525,10.614000082015991,12.791500091552734,
2022-02-22,5.210000038146973,5.210000038146973,4.869999885559082,4.889999866485596,502700,0,0,-0.050485480401391336,0.19918533680048692,6.894666655858358,9.54102827503942,4.248305036677296,5.704999923706055,6.855000019073486,10.367500066757202,12.545000076293945,
2022-02-23,4.980000019073486,5.010000228881836,4.550000190734863,4.570000171661377,468500,0,0,-0.06543961218023508,0.18615072560827356,6.719999980926514,9.264009196489031,4.175990765363996,5.495000123977661,6.625,10.202500104904175,12.380000114440918,
2022-02-24,4.420000076293945,5.014999866485596,4.360000133514404,5.010000228881836,1083700,0,0,0.09628009643170343,0.20407333542066972,6.5679999987284345,8.953694751697302,4.182305245759566,5.230000019073486,6.484999895095825,9.96875,12.195000171661377,
2022-02-25,4.849999904632568,5.019999980926514,4.570000171661377,5.019999980926514,662000,0,0,0.0019959584007662734,0.204480657308875,6.42266666094462,8.631186119996208,4.2141472018930335,5.144999980926514,6.392500162124634,9.792500257492065,12.065000295639038,
2022-02-28,5.079999923706055,5.440000057220459,4.885000228881836,4.989999771118164,665700,0,0,-0.005976137434728135,0.2032586527980536,6.294666655858358,8.372322289739444,4.217011021977273,5.144999980926514,6.120000123977661,9.708749771118164,12.015000104904175,
2022-03-01,4.989999771118164,5.039999961853027,4.659999847412109,4.699999809265137,667600,0,0,-0.05811622748592704,0.19144602669355887,6.157333326339722,8.08962951657988,4.225037136099565,5.080000162124634,6.06000018119812,9.478749752044678,11.795000076293945,
2022-03-02,4.760000228881836,4.864999771118164,4.610000133514404,4.739999771118164,596400,0,0,0.008510630526872509,0.19307535309258553,6.045666646957398,7.904570656990968,4.186762636923827,5.045000076293945,5.995000123977661,9.348749876022339,11.665000200271606,
2022-03-03,4.78000020980835,4.78000020980835,4.110000133514404,4.25,594600,0,0,-0.10337548413057696,0.1731160949929574,5.9256666501363116,7.767992496319374,4.0833408039532495,4.775000095367432,5.820000171661377,9.210000038146973,11.237499952316284,
2022-03-04,4.269999980926514,4.369999885559082,4.014999866485596,4.309999942779541,880200,0,0,0.01411763359518603,0.1755600845914974,5.812666654586792,7.621579956275715,4.003753352897869,4.727499961853027,5.5924999713897705,8.984999895095825,10.730000019073486,
2022-03-07,4.309999942779541,4.559999942779541,4.269999980926514,4.510000228881836,925400,0,0,0.046403779294093006,0.18370673600973356,5.719666655858358,7.49998819647652,3.9393451152401964,4.727499961853027,5.387500047683716,8.1875,10.460000038146973,
2022-03-08,4.559999942779541,4.949999809265137,4.449999809265137,4.710000038146973,524400,0,0,0.0443458534623451,0.1918533680048669,5.619999996821085,7.276986685529506,3.9630133081126644,4.727499961853027,5.387500047683716,8.00249981880188,10.105000019073486,
2022-03-09,4.809999942779541,5.800000190734863,4.75,5.739999771118164,1472700,0,0,0.21868359333950615,0.23380855191445785,5.56933331489563,7.112389347338075,4.026277282453185,4.9075000286102295,5.387500047683716,7.979999780654907,10.012499809265137,
2022-03-10,5.570000171661377,5.775000095367432,5.425000190734863,5.730000019073486,1463400,0,0,-0.001742117150421052,0.23340123002625257,5.528333314259847,6.984895073336812,4.071771555182883,4.9075000286102295,5.367499828338623,7.861249923706055,10.012499809265137,
2022-03-11,5.860000133514404,5.860000133514404,4.989999771118164,5.010000228881836,606300,0,0,-0.12565441322774562,0.20407333542066972,5.481999985376993,6.913076758867726,4.050923211886261,4.9375,5.2774999141693115,7.690000057220459,10.012499809265137,
